id,heavy_seq,light_seq,label,source
25988-1,GRTFRSNDNSLGTGTTHTDYRPIDTEYTSGYDY,,0,harvey2022
13747-1,GRTFGRYAIRTSGGRTGTSSQPWYYWSTQGDDF,,0,harvey2022
35839-1,GSILLYYTISWSGGSTATRSVQGSYFAGYGY,,0,harvey2022
20490-1,GRIFDSYAITCSGGSFDY,,0,harvey2022
38204-1,GSIFYGNTISSGGSTAADLPRYWVTWMDY,,0,harvey2022
39237-1,GSNFYLYAITSIGGSNTDEYPLTVQVQYYY,,0,harvey2022
7170-1,GFTYVTYAITDDTDSTAADYSVFYDEDY,,0,harvey2022
41441-1,GRIFRANAITYSGGSTARAGISSGGYYY,,0,harvey2022
38844-1,GNTFGDNAISTGGNTNAKWIPDTLFGIHETEGDY,,0,harvey2022
42604-1,GFTFTYNDISSTGGSTAAEDSWYWDAWFDY,,0,harvey2022
26056-1,GSTFVGNAITGGGGSTAVEVYYTGFYYSPYAYDY,,0,harvey2022
64806-1,GLIFTVNAISQSGGSTAAEYTYYTYNLNY,,0,harvey2022
40635-1,GFTFTGNAITSGTSTAKEYPLDGRGSDY,,0,harvey2022
45391-1,GSIFSIYAITRSSGRTAKDYIPLALDADDY,,0,harvey2022
2593-1,GSIFWSNGISSSGSDTNVYSIWGTYDY,,0,harvey2022
15599-1,GSIFQFYAITTSGVSTAARQWTSASYDY,,0,harvey2022
32322-1,GITFEIYVITSDDTAADYYGVGVGPYSPADEYDY,,0,harvey2022
1181-2,GRIFRYTINSGGRTAAPYQTKSNKYVHGSPIENDY,,0,harvey2022
28083-1,GSTFSPYDITGSDGTATDWNFGRWYTLGVEMDY,,0,harvey2022
27311-1,GSILWENAISVSGGGTNARYGYESQGWEDY,,0,harvey2022
46088-1,GFIFYRYAIRGGGSTNAVYGVRPNRYHYDY,,0,harvey2022
432-3,GSIFVTNAISVSGGSTNTVRSPPGHDY,,0,harvey2022
27938-1,GFIFYSYDIDSRGVNTNVDAITWWDWEDFDS,,0,harvey2022
32418-1,GYIFDSNVIRWSGGSTNVVSYYIAGGWYEGDY,,0,harvey2022
10700-1,GGTFQDYTISLSGTRTAARYGVEY,,0,harvey2022
47444-1,GRIFVDYAITYGGGSTAADLFYHSYGYEY,,0,harvey2022
51660-1,GGIFKYNAIDTSGGSTAAELGLAQYYY,,0,harvey2022
7700-1,GSIFSQYAITYGGGSTNADGWNTYIGPRRYRYDY,,0,harvey2022
26300-1,GFIFFLYAISGGGDSTAADVWGSGGELGY,,0,harvey2022
62221-1,GIIFYEYDSGSSTNADSVRHYDYPAMDS,,0,harvey2022
51894-1,GSIFRFSGIGFGSITAVQVQDESWLDY,,0,harvey2022
66804-1,GSTFFGYAIRYNGGHTAVDVVTSYYELTGSFNY,,0,harvey2022
2887-1,GLTFKVNPISSGDRTNARGHNRYGTLLGFGRVPGYDY,,0,harvey2022
41325-1,GFTFGRNAITTGGSTAATYVSLALFWTYGY,,0,harvey2022
25663-1,GYIFLYYTITIGGGTNADYASYYRYSRPLEMNY,,0,harvey2022
1917-2,GSTFYRYAITWSGGSTNAVARYYYKDQTIIHSPREDY,,0,harvey2022
23580-1,GFIFWYYTINSGGSTAALVCYSGELFYY,,0,harvey2022
55124-1,GSTFAKYAISSSGTSTAASYRNRYIAFYY,,0,harvey2022
41105-1,GLTQPYAISWRGASTAARSTIQRRGYYGYRVGRSEYGY,,0,harvey2022
41083-1,GSTFLYYDITWSGSGTAADDTWRGDQYFYSYDY,,0,harvey2022
3033-1,GSIFILYAISSTGTTAADIYPDWIYLLYGY,,0,harvey2022
5553-1,GRTFYWNAITSSGTRTAKRETYTGPNSRYGQWKKVYY,,0,harvey2022
36147-1,GSIFWSNAITGGGTTVSSAQYDY,,0,harvey2022
35537-1,GSIFHLHIISYGTSTAALFLVSKHHHY,,0,harvey2022
47136-1,GSTLNDYTIRVSGARTAARWYIANPLSPSDY,,0,harvey2022
68136-1,GRTFKRNAISSDGRTAASYVLSYGTYYY,,0,harvey2022
3188-1,GSIFNRYSIRWRDGSTAAVYWGEEYEY,,0,harvey2022
35651-1,ARIFPVYAISRSAGRTAAQSPYGYDY,,0,harvey2022
56265-1,GRIFPAYVISDRGGSTAKGGEVSQGYTDDYDY,,0,harvey2022
50096-1,GSTLGSNAITWSGGTTATGQSVIYRYDY,,0,harvey2022
26065-1,GRTFTYNAINSGGSTNAGFGFGSSRYGTRYYY,,0,harvey2022
2311-2,GSISVYNAISWSGGRTAADELTVLWDEDY,,0,harvey2022
46287-1,GRIFYSYALYSDGSTAADWGWRYVLPVGWFRYGY,,0,harvey2022
63484-1,GRIFFPYDITNSGGRTNADAYEFRWVKHYDY,,0,harvey2022
60030-1,GSILLYYTISWSGGSTATRSVQGSYFAGYGY,,0,harvey2022
69686-1,GKIFGSNAISKSCGRTGAYDGYYEFDY,,0,harvey2022
6761-1,GLIFYDNVITSIGGSTNVKSKYYSPNYDY,,0,harvey2022
64602-1,GSTFETNAIRWSTGNTAAYKGKHYKEGY,,0,harvey2022
41799-1,GFTFRDYAIRIRDSNTAVVANYVYSKYDY,,0,harvey2022
53500-1,GRTFYPYAITWSGGSTNAAELTYDLYDY,,0,harvey2022
14322-1,GRIFTVYAISGRGGRTNADTLTLSRPDGDIHTVWMDY,,0,harvey2022
24479-1,GISFDWYAITVGASTFPVFVDYGFYTIGHDY,,0,harvey2022
35741-1,GRILPYYAITSGGSTATDVDKSLYDY,,0,harvey2022
29558-1,GITFWAYAITSGGSTAKNYRYYVFYDGFDY,,0,harvey2022
21975-1,GIIFYYYAISTSGGRTNTKVISRTSERRGNGFTRYDY,,0,harvey2022
52834-1,GYTFRYYAINWSGGSTAADPDGDLDIDYDY,,0,harvey2022
42988-1,GSTFAYYAISERGGTTAADHSGYWTYYYDYYY,,0,harvey2022
25720-1,GYIFYGYAITVRGGSTAAAPQFTFGVGY,,0,harvey2022
54963-1,GRTFYVNAISFSDGSTASVGAFDIYYGYGY,,0,harvey2022
28198-1,GFTFSLNTINSGDSNADPDWWYPYIY,,0,harvey2022
9760-1,GSIFTGNAITNGGITAADYVDFYSFRRFDY,,0,harvey2022
42742-1,GFTFDQYAINQSTGSTAAEESSTSSEYDY,,0,harvey2022
51665-1,GSIFTHNAISSGGSTAKSIDGWYWRRRRYDY,,0,harvey2022
66568-1,GRTFGGYAITSGGSTAADTYFETSTRAIPTNDY,,0,harvey2022
34017-1,GRILGTYAISGSGGDTAAEVPFTGGFFKYYY,,0,harvey2022
14564-1,GRIFHRNAITRSGTSTAADNASPSLGEYNY,,0,harvey2022
42795-1,GRTFRNYANSSGGSTAARQRAYYGPGFDY,,0,harvey2022
18058-1,GRIFGLNGISSVGSTNRRRSRYLPTPDRIVEYDY,,0,harvey2022
14100-1,GLIVGGYTIDSADSTATYWFYSGPAFSLRETGGVNY,,0,harvey2022
29461-1,GSIFVHNAITWSGGSTAAEDVAAQWAYESPTSYWYYY,,0,harvey2022
11236-1,GSTFSWYTISWSGGRTAAYDYWYSLGDYQFYY,,0,harvey2022
31809-1,GSTFAYNEIRSGGNTATDGYRIDVYHPDYRYDY,,0,harvey2022
37087-1,GYTFYVYTISGSGTSTAAEDYSSDVYSYDY,,0,harvey2022
68689-1,GSTFPTYAISTRGGSTATGKTVGRYHYEY,,0,harvey2022
30667-1,RRTFYRYAISSGGSTAAETRLHRQDYDY,,0,harvey2022
33649-1,GYIFRFNAITSGARTNAGARRYLYDY,,0,harvey2022
52727-1,GIIYYPYAIDRSGSSTAAAHTYFTAYGDY,,0,harvey2022
3010-1,GRIFLRYDISSGASTAVDRPYYYGYRMDY,,0,harvey2022
43040-1,GGIFPTYVIDRNGTSTAAGYNDQTSAYDY,,0,harvey2022
30236-1,GRIYLTNAITSGGSTNADTDRYWPYEYDY,,0,harvey2022
30493-1,GSTVTSNAISSGGSTAAEWHYIYAYDY,,0,harvey2022
8280-1,GRIFVGYPITSGGSTNAAYQFDSYHLGGYRYEY,,0,harvey2022
34846-1,GRIFRTNGISSGDSTAADFGRKGGPGYDY,,0,harvey2022
8117-1,GRLFKSYAISRSGGRTAATTFVAPY,,0,harvey2022
59639-1,GSIFVVYAISWGIGSTAADTDIVLYDY,,0,harvey2022
22226-1,GRTFFINTITWSAGRTAAALDGHTFPFYY,,0,harvey2022
10855-1,GFTLEYYAITNGASTDY,,0,harvey2022
24449-1,GSTFPYNAISRRGGSTNASGGPYRYYY,,0,harvey2022
66148-1,GSIFHVYAIDRSGGSTAKDVLGGQITDGVGNDY,,0,harvey2022
53376-1,GVTFWSDAITTSAGRTAARSAYTGLGSGFDY,,0,harvey2022
40471-1,GSIFSPYAISSGTSTNAGADSTVRNYVTSFSQYDY,,0,harvey2022
62870-1,GSTFRYYTITIGGSTAARSTGGRIFATGVAYDY,,0,harvey2022
2759-1,GRTFQLYAITITGGSTNKPRFSERYGMGY,,0,harvey2022
55414-1,GSIFEVNAISNADSTATDLDRDLPKDLLGPEYDY,,0,harvey2022
51594-1,GRIFHYYAIETSGGSTATDQYYSYDYVY,,0,harvey2022
41087-1,GRIFGGNVISWSSGSTAADNSFRGYHSPYDY,,0,harvey2022
38394-1,GSIFEINAITGSGGSTAAVPRYQDGY,,0,harvey2022
3497-1,GSIFSVYAITWSGGRTAATSWWATTGFDY,,0,harvey2022
42588-1,GSIFVYNAITFIGGSTNADVAPGIFYGYDS,,0,harvey2022
5218-1,GITFVYYAINWSGTNTGAEDGGTGWDFYY,,0,harvey2022
65925-1,GSTIDPNAISYTGGRTAVLVVGATTQDEPYFSGVEHDY,,0,harvey2022
28521-1,GRTFSYNAISYDGGRTAAYPYRCPHPWTIGDY,,0,harvey2022
56746-1,GSISDVYANTSGASTAADSDSQWGMDY,,0,harvey2022
6906-1,GRTFYWNAINGGGSTNAESYEFHRAWGDYDY,,0,harvey2022
36653-1,GSTFNLNAISWRGDSTATAHDSAFYRYWYVPSEYNY,,0,harvey2022
6684-1,GTTIGYNDISVSDSSTAAEYFVGFTYRYEY,,0,harvey2022
64855-1,GTIFGQGDINDGASTAVFTDITTYFGY,,0,harvey2022
60954-1,GTFTYYAITWRGGNTATDYWYIRWGGYY,,0,harvey2022
17534-1,GSTSTWYAITGSGDTTAADYDPDDDTYDY,,0,harvey2022
68627-1,GFIFPPYDISDVGTTAAESQGDDQFWTGGYDS,,0,harvey2022
54689-1,GFIIKFYDITFSSGTTAAYTLPAWPYDGPAGPRYDY,,0,harvey2022
32808-1,GSLFYYYPINISDRSTAAYYYFQDYDY,,0,harvey2022
5954-1,GSTFVWNAITLSTGSTAAQPRVDYEFPYRYGY,,0,harvey2022
8770-1,GSIFYRNAITWSGVNTAVPSRYWLNRGFDY,,0,harvey2022
41757-1,GSIFYWNAITITTSTNAGAPYRYLDEYNY,,0,harvey2022
59704-1,GRIFRPNAISYSGATTGSGGTSGQEFGY,,0,harvey2022
29084-1,GIIFCRYAISSSGSTAAYSYPAGEYDY,,0,harvey2022
6841-1,GFIFWYNAISGSGGSTAVYFVSF,,0,harvey2022
35359-1,GYFSNYYSIGTGTSTAAPLDTSSRIFDY,,0,harvey2022
51167-1,GITFVTYAISSSGGSSAALATFYPEFDY,,0,harvey2022
16622-1,GRIVTSNAISRRGGSTARRPYSYTRYEY,,0,harvey2022
8622-1,GRIFGTNAITRGGGNTAAKFHRFAWYSHYDY,,0,harvey2022
13077-1,GRIITGYAISRGGSTAAGVHWDRGDY,,0,harvey2022
8506-1,GRISAQYTITWSGTNTATAVYLVIFEYDY,,0,harvey2022
63343-1,GFTFYTYAISSGGSTSADYYFLDWYDY,,0,harvey2022
18863-1,GIILYWNTITWSVGRTATTFQYYWFSLYDY,,0,harvey2022
4991-1,GIIFEYYAITSSDGSTAAAGDYVVPISSTAGFGGDY,,0,harvey2022
6678-1,GRNFIVNTITARGGRTNARTPPREAERYY,,0,harvey2022
39632-1,GFTFGIYAITKRGGITAKIGGFLSYWSGDY,,0,harvey2022
18850-1,GFIFRYYAIDYSGGSTATVSDNRYYY,,0,harvey2022
40249-1,GSTFVANTITSGDSTAAETVWYYVGGQLIYYY,,0,harvey2022
25505-1,GITFPFNAISSTGSTNKRSNYRRGDGRRHLY,,0,harvey2022
69408-1,GSISYYSDIGYGTTTAAYQGNGYEFYY,,0,harvey2022
11942-1,GSIFYFYAIDSGGSTAAYPWERYTWWYVYRGHDY,,0,harvey2022
19871-1,GFTLGHYAITSGSSTAAEDPYFKWLYYY,,0,harvey2022
58225-1,GYLWYYAICWGGGSTAAVDAVGPTSHAMFY,,0,harvey2022
9274-1,GRSFSHYAITRNGGITAAGRYYNLRATHGY,,0,harvey2022
52367-1,GRIFIYYAISWGGGRTAAGVYTGQHEYDY,,0,harvey2022
39405-1,GSTFGYYAITWSGGSTAADLKYWYFGLAFIEVDY,,0,harvey2022
11510-1,GFTFAYAITENGGSTNAAGYYGFYY,,0,harvey2022
39248-1,GRIFTYNAITNGGRTNAGYITYWYAVFYQIDDY,,0,harvey2022
28341-1,GSIFGSYAISYSGGTTNAPVAYQREYDY,,0,harvey2022
51292-1,GFTFSGYDISSGGVSTNAEWTSFD,,0,harvey2022
65089-1,GSTFESYAITASGGSTAVTTRSSGFRDIDY,,0,harvey2022
10502-1,GSTLKYNAISTSGGNTAKVLGYYYYDYDS,,0,harvey2022
22297-1,GLIFPRYSITRGGSTNAELPVHWSWYVY,,0,harvey2022
59346-1,GSTFPYYDISWSGDSTAAYSDYWSYLSTDDY,,0,harvey2022
51640-1,GRTLDYNAISWTGDSTAASYSRFVDWIGDPGYDY,,0,harvey2022
32584-1,GRIFSYYDITWRGGSTAADWYPSIWEYDY,,0,harvey2022
19489-1,GRNMPYNVITGSGGDTAAAPYIGCSFGQTPGSGY,,0,harvey2022
14574-1,GLIFSYYAISWSGASTAADTYGKTYYY,,0,harvey2022
19995-1,GSTFDGNDITIGGGSTATEWVTGSEDYDY,,0,harvey2022
51516-1,GSILQYKAITSSGGSTAKDTHWAYY,,0,harvey2022
68429-1,GSIFNGYVINRGGTTAVDDDANSLGGYYVLFDY,,0,harvey2022
37873-1,GITFYGYAISESGGSTAAQGYSVYCYSNY,,0,harvey2022
9102-1,VNISPRDANAYSAITAVYQFPYPVFPAY,,0,harvey2022
42286-1,GIIFSPYVITTGDSTNADLYVGYLYYLFDY,,0,harvey2022
41251-1,GFIFSQYAISSGSAVDYHQAWPSADYWFEYVY,,0,harvey2022
33044-1,GSTFVYYAISWSSDSTARSDGRQSYWTDFSTDYYF,,0,harvey2022
57149-1,GSTFTRYAISGGGSTAARVRTTGYSQMYY,,0,harvey2022
24100-1,GTTFDKNDISGGSTAARPHAHSDY,,0,harvey2022
54270-1,GITFPSNTITRGDNTATEGYQIQYEHDY,,0,harvey2022
66809-1,GSIFSYYAITGGGSTSTDGKPSFYSFDY,,0,harvey2022
7202-1,GITFSYYAITSGGITATDYGYFHYPWWPLWGYEY,,0,harvey2022
20255-1,GFTFVRYTIRRGGSTNALSALAVEDGY,,0,harvey2022
28661-1,GRIFSTYAINKIGGSTAADAPYYPVRRYYY,,0,harvey2022
35393-1,GRTFGYNTIRTNGVSTNAPRTRKQKTIYVNAPGNY,,0,harvey2022
61423-1,GTFYPYAITGSGGSTAKRYWIEYDY,,0,harvey2022
43820-1,GNIFDRYAISWSDGTTAGVYTYPLGYYHYTYDD,,0,harvey2022
8065-1,GRTFRWYAISSVGSTAADFSPRRYHNRSFGY,,0,harvey2022
10023-1,GSTFVYYAIRNGDGTAAPQGEYFYVYEFDY,,0,harvey2022
55936-1,GSTSGKYAITKGGGGTAKYYGSGYYIYDY,,0,harvey2022
27442-1,GIIYKYAITWSDGSTAADDYYGYDY,,0,harvey2022
67353-1,GSTFTYNAISSGTTTAVDSWSRVQGWLAHNYDY,,0,harvey2022
3183-1,GNAMITRRGGSTAADNPSYNLWYGY,,0,harvey2022
46960-1,GLIFYVYAISTAGGITAATQPWYNTRTRYGS,,0,harvey2022
56701-1,GSTFTFNAITASGGRTNASQWPSRFDY,,0,harvey2022
26595-1,GSIFLFNAINRDDSTAAPVLHAYYGYGY,,0,harvey2022
40578-1,GRIFASYGINSSGGSTNARHGYYKYGY,,0,harvey2022
17273-1,GSILESNVISSSGDSAADRWYWTYALYY,,0,harvey2022
25135-1,GYISVGSVIDQGANTATETTYILNY,,0,harvey2022
36853-1,DNIFPDSLIGFGATTAAVPLNYEYFCY,,0,harvey2022
28890-1,GLTFVYNNINWSGGRTAALYVPNTPTYKYDY,,0,harvey2022
55434-1,GSIFEEYAIDESGGSTAAERYSDSWGYYSVDEGSWEMDY,,0,harvey2022
41689-1,GFTFHINSITYSGGSTATTWYFVASWFVAIYVY,,0,harvey2022
62396-1,GFTFYLNAITGSGGSTAADLYFYVISWGYGFYY,,0,harvey2022
37077-1,GFTFTTYVITSGGSTNAVKDDGKGSYPNLHVFDYDY,,0,harvey2022
17051-1,GIIFYYNAIRWRGGSTNKSYDNSSDSDY,,0,harvey2022
13116-1,GRIFFTYAIDRSGTSTAARPNPNYDEMDY,,0,harvey2022
58617-1,GYIYPKYGITGSGGSTAKRSWIEYDY,,0,harvey2022
15559-1,GITFWDKAITSGNTGAELLVGGGVTVDY,,0,harvey2022
33299-1,GNIFYLNTITRSTGSTAADWSLNKTPRLKGYTFRDDY,,0,harvey2022
45364-1,GRIFGTNAINGSDSSTNADWSRAPERSTYGYDY,,0,harvey2022
42426-1,GRIFRPYAISVSGVITATDYTPRRWGRLYDY,,0,harvey2022
20632-1,GSTFGSNAISTSGGSTNVDPAYSITYKGDY,,0,harvey2022
18025-1,GYNFLRYAITNTGNTAAEYYWYSWKNRYKEYDY,,0,harvey2022
24180-1,GSIFTPYAIRSSGGRTAARVGGIYRNDY,,0,harvey2022
2733-1,GRIFAGYAITRGGSTNADIRRHGGYAHEY,,0,harvey2022
68166-1,GSIFSFYAITSDGSTAADYIVRVVSRYRYGYEY,,0,harvey2022
46618-1,GGTFRPNAISYTGSTAAYGYHRYYLYDY,,0,harvey2022
64364-1,GSIFAVNTISTGDSTAADFSKVVGYDY,,0,harvey2022
5468-1,GFIFFWYTISQSGDSTAAEKKTKTYRYDY,,0,harvey2022
16593-1,GSTFNHYAITKSGGSAAGRRKYGTKGRGDY,,0,harvey2022
26163-1,GSTFDPYAITYSGGRTAVDVVYWGGDY,,0,harvey2022
24027-1,GSIFRSYAISYSGGSTNVDGGTYFFFVGAWGEYDY,,0,harvey2022
35769-1,GSTFVPNALTFSGGTTAADYFSNLWWSGHAWRYYY,,0,harvey2022
56064-1,GRTFSYNAITWRGSTTAADTGQPYILDY,,0,harvey2022
25009-1,GSTFEANTISSSGGSTAVRCTYARWNWRTADSSRDY,,0,harvey2022
60719-1,GSTFYDYSINGNGDSTAAYLGWGYDY,,0,harvey2022
837-2,GSTFLDNAITASDTNTNADATYTSYDY,,0,harvey2022
33602-1,GYIFYDYAIRRSTGTTAALFRPRVHRYDY,,0,harvey2022
56222-1,GFTSGNYAIDSDGSTNKDIKSATDSYHYEDDY,,0,harvey2022
24456-1,GRIFYPYAITRGGITNAVRWYGRMDY,,0,harvey2022
4880-1,GSTFERYAINWSGGGTAADSGTVVFSLWWYEYYY,,0,harvey2022
23692-1,GSIFYYYAINSGGSATDIHSVDNNRDKHDYDY,,0,harvey2022
46908-1,GRSFTYYTINNSGGSTAKVLGLPYGAPRSIFVEWEMDY,,0,harvey2022
32712-1,GSIFAPYAIRTTGDSTAKSEPLVVGVSPWYQVDY,,0,harvey2022
13812-1,GSIFWVNAITWSAGSTAAGVAWYYWTLDY,,0,harvey2022
6349-1,GSTFYLYAIRSSGSTAKDFAYRKQQNYGGLEYDY,,0,harvey2022
28721-1,GSIFYLNAITNGGSATRSWELGDY,,0,harvey2022
27649-1,GFTIFLNAITVSGSSTNAEIYSPYYTYDY,,0,harvey2022
4131-1,GSIFWENAITIGGSTAAYYYWPKYWYWGYDD,,0,harvey2022
11361-1,GYTFYSNAIRSRGRSTAALPNKPAVYAYDY,,0,harvey2022
13878-1,GSIFPSYAISRSAGSTAADGYSSRYRYDY,,0,harvey2022
36242-1,GRIFNTYAITRSAGRTNAEGSSVLTGYCGYPPYWDTYDY,,0,harvey2022
61290-1,GSTFGYYAITRSGGITAARVRRTLYSAYDS,,0,harvey2022
61686-1,GRIFPDNAITYSGGSTNKGGGTSYDYVRVDKYPGDY,,0,harvey2022
49587-1,GRIFYYYTLTRSGSSAADYIRRYDY,,0,harvey2022
13145-1,GSIFDRYAISTGGSTAARYLYRMYY,,0,harvey2022
46829-1,GFTYYIYAISRSAGITAAEVGYWGYQISGDY,,0,harvey2022
14883-1,GITLGAYAIRIGGSTNALYRYLYRSGDY,,0,harvey2022
55632-1,GSIFGYYAITSSGSTAADQYFLGSIDGFEY,,0,harvey2022
20512-1,GSNFDAYAISIGGSTAAYVYYTYPSGTVYSVSYIYDY,,0,harvey2022
54073-1,GSIFTDNGISWRGGTNADPEAEGNFEYYY,,0,harvey2022
14156-1,GSTFRYNTITGGGGSTAKRHWYDCYVSSYTTRYDY,,0,harvey2022
67387-1,GLTFYQYAITSAGIAKDDYFSYGYVEFDY,,0,harvey2022
39528-1,GITFYWYAITGNGGGTNTSVGGKEYDS,,0,harvey2022
46218-1,GSTFKSYAITVSGGSTAADSVLLKDTGYDY,,0,harvey2022
63916-1,GSTIDYYAISWSGGSTAADSAFYTGSDYGWSDYDY,,0,harvey2022
40810-1,GRTFYLNAIRISGGSTIAGPYHALSPTVSEYGY,,0,harvey2022
34456-1,GRTFRANTISHSGGSTATDGGSYSWASPRVDY,,0,harvey2022
5361-1,GFTFGSNAISSDSSTAKDWWFWENDY,,0,harvey2022
10851-1,GYIFHRYAITASGGSTAAEMTSYYYKGVIPHGY,,0,harvey2022
69486-1,GRTFGRYAISYSTDSTATDSVNVGSYVGDKHDY,,0,harvey2022
67425-1,GRIFRRYAISYGGGSTNADVPKSLLLYYPWGYGY,,0,harvey2022
65909-1,GRTSVGYVITSGGSTAAQLKSHRTYGHDY,,0,harvey2022
18777-1,GNTFDYYAITRGGSTAAEQRAPRFADYDY,,0,harvey2022
20823-1,GRIFGYYAISSNGTSTAASYWYDKAYDY,,0,harvey2022
10012-1,GRIFSRNAITRSSGTTAAGHTYGGYPRPSDY,,0,harvey2022
23322-1,ASIFRYYAISYSGGSTAVPLICVDGYAYDY,,0,harvey2022
12624-1,GIIFYYYAISYSGGSASDYDYGGHWYDY,,0,harvey2022
15462-1,GRIFGWNAIRSGGRTAVGPYYQSTQIYDY,,0,harvey2022
58597-1,GIIIDYYTINKSGGSAAEVDYSYWPEYARKYYY,,0,harvey2022
59708-1,GSIFRWNAINWTGGSNVTWSWGEKGRKAYGY,,0,harvey2022
52900-1,GSISGYYAIRYTGARTAADVKRDRVWGGDY,,0,harvey2022
34956-1,GSIFFTYAISSGGSPAARGYRLVPVDFSY,,0,harvey2022
49730-1,GSIFAVYASSTAKVGFGIPGGFYF,,0,harvey2022
51982-1,GGPFDTYVITRGASTAASFYSPDYYRFLYSFDY,,0,harvey2022
3637-1,GRTFIPYAIRNGGSTNADLPVYVDYINGGYGY,,0,harvey2022
52483-1,GSTLWYYAITSSGNTAADSANYQWYLSWQKDDY,,0,harvey2022
45370-1,GSIFFPYAISQSAGSTAKSGDADFYYTYYY,,0,harvey2022
62444-1,GFISFAYAISRSGDSTAARQVVWFDYTTAQVGSYKVNY,,0,harvey2022
2400-2,GSIFYVYAIRTSGSSAAGSITVFWKRTGYRWRGYDY,,0,harvey2022
44153-1,GRTFSGYAISFSGGSTNAYSWYNGIGNYDY,,0,harvey2022
20542-1,GIIFGHYAITSGGRTNVDQGYQGYLRIFDY,,0,harvey2022
47440-1,GSIFTINAISWSGAPTATGYNYLDRNTGYVHRFDY,,0,harvey2022
5801-1,GRTFKKYAITGSGGSTAAYAYGVGHSLDGGNY,,0,harvey2022
4458-1,GSIFVGYDINGGDSTAKDVTYTDEYDY,,0,harvey2022
41367-1,GSIFYYYAINGGDGRTAADWPGYSAYYY,,0,harvey2022
32915-1,GRTFGLNAITSGGSTAVTYNGDSSWPGDY,,0,harvey2022
8881-1,GRNFYLYGIDWSDGSTAADGWAAWLYDY,,0,harvey2022
52012-1,GSTFFTNVIRWRGSDTNAKESFYPTTGEQGYSYAY,,0,harvey2022
34166-1,GTISQEDWIGLGSNTAVSVWQYSDHVY,,0,harvey2022
10947-1,GSILWENAISVTGGGTNARYGNESQGWEDY,,0,harvey2022
41100-1,GYTFLYNANTRGGSTNKEAAPLGFVPSYYGRDY,,0,harvey2022
14971-1,GSIFIVYAITSGGSTAAESYWGSGVVPGYDY,,0,harvey2022
53067-1,GSIFRTYAITYSDGNTNADGIYASISGYRYDY,,0,harvey2022
56501-1,GFIISYYAISRGGNTAASVPPYYPRQRHDGYDY,,0,harvey2022
15073-1,GLTFRVNDISSGGSTATNSEGQESNSYYVWMGY,,0,harvey2022
3876-1,GITFRFNAITYSGDSTAADYYAISRRIFYY,,0,harvey2022
455-3,GSIFYVYAISWGDSSTAADEYRQYALYDY,,0,harvey2022
68080-1,GFILYSYAISIGGITATDGTTYIWDGDY,,0,harvey2022
34382-1,RTISYAGTIGVGSNTAVGGYAPLGRPF,,0,harvey2022
64611-1,GRTFQSYAINWSDGSTAADSSAWLYDY,,0,harvey2022
56387-1,GSTYPGNAINDGADTAKRSLYPTYDY,,0,harvey2022
38335-1,GRIFTQYAINASDGSTAGYAYNAIEYGY,,0,harvey2022
41693-1,GIIFYPYAITSGGGTAAEVRGYHWGTYYEFYY,,0,harvey2022
52576-1,GSIFVHYAISWRGNTAKDVRRSLVNWDVVYPHGY,,0,harvey2022
56144-1,GSIFASYVITLSGGSTAKRGTLWLQEDYY,,0,harvey2022
58233-1,GSIFWDNVIDSWDGGSTNTDVLWWRGGDDY,,0,harvey2022
50130-1,GYTFQWYDISWRGGSTAASLWPDYEYDY,,0,harvey2022
6760-1,GSTFFDYAISRSGDTAKDWAYRRHWVGFYY,,0,harvey2022
63068-1,GIIFYVYAISSTSSNTDYSDGYPAFDY,,0,harvey2022
69320-1,GITLQNNAITGSGGSTATDGIFHLGVYTPYDY,,0,harvey2022
40676-1,ASIFYPNAITRNGDSTNTDGQGIYSYNKDLSWISGYDY,,0,harvey2022
69425-1,GSIFEPYAAITYSGGSTAADDWGDGVYKLDY,,0,harvey2022
55611-1,GRIFARNAITWSGSSTAVDYYVGSLRIHHDY,,0,harvey2022
47052-1,GFTVRYYAISWSGGSTNRETSPKVYYPNDY,,0,harvey2022
38328-1,GFTFWHYAITWDGGSTAKLFGGTYYEYDY,,0,harvey2022
16075-1,GIIFGSYAISRGTSTAATRQQYGPLSRFVYWYYY,,0,harvey2022
42117-1,GRTFARYAISRGGTTNRDFHLIHLSSARLDY,,0,harvey2022
19336-1,GSFYYFYSNTDGGSTAAQWHYYLGSGYQYDY,,0,harvey2022
2870-1,GGTFYVNDITYSGTSTATDVLLYFEPVNLDY,,0,harvey2022
67049-1,GSISYHNAITSGSSTAAQDYSPYERGRDY,,0,harvey2022
47876-1,GRTWGYDIRNGASTAADYTVRVVATYDY,,0,harvey2022
38102-1,GYAMITSGGSTAAAYSLYGHRYDY,,0,harvey2022
13314-1,GSTFDWYVINQGSGSTAADRYGAGYLYWPYDY,,0,harvey2022
26724-1,GRTFRLYAITRGGRTAARYRLPIPGTQYEY,,0,harvey2022
38803-1,GITFYGNANTATRNARYRSQPPGYDY,,0,harvey2022
53234-1,GSIIGDNTISSSGSTAAYDYGHVEYGY,,0,harvey2022
40909-1,GRTILLNDITRSGGSTAADFKPLYYDEYDY,,0,harvey2022
41016-1,GFIFAYNAINSGGDSTAAVIGNKRYYY,,0,harvey2022
62719-1,GNTFYYYAINRGGNTAKRKSNPGNRQEYYY,,0,harvey2022
59273-1,GRIFSRYAITQSGTSTNAYRQDSYDY,,0,harvey2022
52937-1,GSISPQNVITWTGTSAARYYAPRWFRYDY,,0,harvey2022
17007-1,GMTFSDYPITSGGRTAAVYTYVYYYHYPYYY,,0,harvey2022
48060-1,GRIFYNNAITYSGGSTAAEYYGPYSEGGESYDY,,0,harvey2022
34699-1,GSIFTYNVISWSGGRTNNVRPPVYFPNRDY,,0,harvey2022
20604-1,GRTFAIYAISWSGGDTAARDNDYEGRDLQYELDY,,0,harvey2022
65045-1,GSIFGGYAISWSSSSKATGIYPQTSDYDY,,0,harvey2022
65943-1,GRIFTYNAISSGGSTAAGGCRFAIIEYEY,,0,harvey2022
56855-1,GSIFITYAIRDSGDRTNALWQEPLKYDY,,0,harvey2022
53024-1,GSIVQSYAITERGGSTAAKAVGLGKSWRGDDY,,0,harvey2022
31875-1,VRIFGYYAISARGGSTAAYYLWPGYLFRPYDY,,0,harvey2022
63670-1,GRIFSLNVIRGRGTSTAARGHGAYGY,,0,harvey2022
68857-1,GSTFSANTITNTGDTAADSWRRTDGAYWSTVYY,,0,harvey2022
15769-1,GRIFRYYAIRWTAGSTATDVWKYGRYEY,,0,harvey2022
51304-1,GIILFYAISSGGGTNADGYSYFWYPSYARGHDY,,0,harvey2022
38296-1,GRTFALYAISWRGGSTAADTWSYGPLNYRLEY,,0,harvey2022
60610-1,GGIFYSYAITWIGGSTAAEILWGGYDY,,0,harvey2022
37787-1,GNISVTGVIGIGGTTAARYLYYAYSY,,0,harvey2022
43807-1,GRIFWWYAIDDSGGITARNVNAQKVLGGFDS,,0,harvey2022
67038-1,GRIFTPYAITGSGGITNADTPVWDGHAYPGDY,,0,harvey2022
19582-1,GGTFHYYAINRSGDSTAVSYYGADGNPFPHDY,,0,harvey2022
54132-1,GSTFRVNVITTSGGSTKTTYPSGWGPDMDY,,0,harvey2022
18144-1,GNTFDYYAITRGGSTAAEQRAPRFADYDY,,0,harvey2022
28787-1,GSIFDPYAITSGGSTAKDFDIYYSKYDY,,0,harvey2022
69428-1,GRIFSWYTITSGGTTNVAGRDYAVRWGSFDY,,0,harvey2022
55551-1,GRTFTPNAITYSGGSTAKGYFYYVYTEDDGY,,0,harvey2022
48559-1,GRIFPYKAITSSGGSTNKDIERYVRIYDS,,0,harvey2022
26318-1,GRNFYYYANRSSGGSARDGYTAVEYDY,,0,harvey2022
47415-1,GSIFRTNTITAIGDSTAAEKVSWGYHFYSSYDY,,0,harvey2022
47589-1,GSTFYYNAITRSGGSNADAYGTPEFTSYALRYDY,,0,harvey2022
46984-1,GSTLAGKTINDSGGSTNADGYAYIEDGYDY,,0,harvey2022
37297-1,GSIFSVNSIRTGDSTAAEWSSLNFDY,,0,harvey2022
65398-1,GSTFRYNAITSGGTTNAVKYRVESSYDY,,0,harvey2022
45970-1,GSTLGRYAITWSDDSTAAAGNLYTYRFYY,,0,harvey2022
45588-1,GSTFFYYAISNSGGNTAADEIGHFQWRDGDY,,0,harvey2022
40656-1,GITFRSYAIRSGGSTAAGGYVPLTDITFWKFGY,,0,harvey2022
44644-1,GFTFRGNAITSSDDSTAAVANGYWTYEY,,0,harvey2022
13112-1,GSIFGYYGITSGGSTARQYGYQPERYGY,,0,harvey2022
45863-1,GSTFFEYTIRGRDGSTAADVSDWWSFGNDS,,0,harvey2022
53100-1,GRIFRGNAILTGVTTAAERPSRRSGYEY,,0,harvey2022
33883-1,GRTFITYAITSNGGRTSAGTRSRAPYYRTSVDTYGY,,0,harvey2022
40822-1,GGIFTLYVISRTGGSTDAERGVDDSARYGDYDY,,0,harvey2022
61321-1,GFISLDYAISNGGGTNASVSYGYEYDS,,0,harvey2022
41792-1,GSTCTGGIRSAGSTAKDYRWVWRKYGY,,0,harvey2022
49680-1,GRIFHRYAITYSTGTTAKVSRFWHKSWFAYGYDY,,0,harvey2022
63143-1,GYIFVSNTISWSGGSTNADDASHYYFRDDY,,0,harvey2022
69325-1,GSTFRYNAITSGGGTAAPWGLGSELLKRDY,,0,harvey2022
29793-1,GSTLVSYAISSGDSNVGNEGSYGFPVTYEY,,0,harvey2022
47447-1,GSTFYRNVISSGGSTARRLTREYDY,,0,harvey2022
22327-1,GSTFYQYAITYNGGRTAARRWSTGGYGQFDY,,0,harvey2022
11837-1,GSTFIFNTIRLSGGSTARRLATRGHTYDY,,0,harvey2022
18348-1,GTISPGGYINVGGSTAVWGRNRLQLSY,,0,harvey2022
62611-1,GSSFTSKAISGSGGRTNAESRNLYSTQFDY,,0,harvey2022
1220-2,GYTFRHYAIRYSGASTAAAYWYKGYFEFHGYNY,,0,harvey2022
29546-1,GSTFSPNAISGSGGSTAADSYYDGDY,,0,harvey2022
5014-1,GLTFKRYAISAGGASTATDYRSFRPSFGY,,0,harvey2022
50956-1,GRIFYVYAITQSGGRTAATWLGSRNLVHITLYY,,0,harvey2022
29104-1,GIIFEYYAITRGGSTAADRYYYEYDY,,0,harvey2022
6638-1,GRTFGGNAISSGGSTAARGPY,,0,harvey2022
5478-1,GFTFIPNAISTGGSTAAGILDLKLYFSSYEY,,0,harvey2022
37707-1,GRIFYAYAITGIGGSNAERGVYWGRYPYKYDY,,0,harvey2022
28475-1,GSIFFSIAIDSGASSAADYPATGADGYDY,,0,harvey2022
53606-1,GSIFWYNTITFSGGSTAAVFYSAVGYFY,,0,harvey2022
18718-1,GSIFLQNAITNGGSTAAYPLYTGSYDRGGY,,0,harvey2022
63070-1,VFIFVQNAITSGGSTAADGVRVPRREYDY,,0,harvey2022
67936-1,GSTFQTYAITWRGGSTAAKWLGAHDHRAAYDS,,0,harvey2022
38249-1,GRTFVYYAITWSGGRTNRDQWPWESGYAYNY,,0,harvey2022
56514-1,GSTIRVYAISWGGGRTAADQRWTTDQPTAGDY,,0,harvey2022
626-3,GNTFYYYAITWRGGDTAKPRLGRYDSLSYLGDYPGYDY,,0,harvey2022
50551-1,GSTQKYAIRRTGGSTAADPYNYYVSGYDY,,0,harvey2022
14898-1,GSIFYSNAISWSDGSTARKAGYSYFRRYDY,,0,harvey2022
48958-1,GFTFGTYAIRTDDSAVDGYVIYVYDTYDY,,0,harvey2022
60470-1,GLTFYTYAIRWRGGRTNADSNWYYQWNYYGLYDY,,0,harvey2022
43377-1,GFTIYRYAITGGGGSTAVDVYHIGQYRWSYGY,,0,harvey2022
60528-1,GLTFKDNAISKGGGSTNADVGYRGGEEYY,,0,harvey2022
39453-1,GITFKTYDINRGSRTSAHDTTFIPSPDGDY,,0,harvey2022
51586-1,GYTIDSYGIDWSGGSTNRDSAGPGDVILAYTGNDY,,0,harvey2022
33742-1,GSTFVKYAITDGGGGTNVGVSSAEDFDY,,0,harvey2022
4494-1,GSISGPHVINVGANTAAVYYGDIGHEY,,0,harvey2022
36462-1,GRNFAYNTITWSGGGKAVVYASPRARYRYYY,,0,harvey2022
35723-1,GITFYIYAISDDGSTNADYYWFFDFFDYDY,,0,harvey2022
63140-1,GFIFHQNAITRSGTSTAKDPVRVGRFGYEY,,0,harvey2022
67183-1,GFTCYIYAITSGGTATDYYDDVTIGYDY,,0,harvey2022
44583-1,RNAMISFRGGSTAKVQHHDYEGRGFPDAADGY,,0,harvey2022
59251-1,GSTFYYYTIRSGDSTAADDGAYPTLYDY,,0,harvey2022
69177-1,GRILDYNAISGSGDSTAASGAWDWWLGPYDDYY,,0,harvey2022
11374-1,GNIFWVAVIGFGCTTAAPHYDWGELDY,,0,harvey2022
22805-1,GRIFSRYVITWSGSSTAALGLLSPSPWGTHISEYDS,,0,harvey2022
44600-1,GRIFDVNAISSGGNTIADGKAGGDYDY,,0,harvey2022
33968-1,GFIFSVYAMTWNGGRTAADSRGALNSVYRYGSIVEGDY,,0,harvey2022
20913-1,GSIFDFNAITSGGSTAARPARGASQGGYVRPWWYDS,,0,harvey2022
41149-1,GSTFGPYAITVSDGSTAAEIYYSFGY,,0,harvey2022
41740-1,GSIFERNVISTSGGSTTAAGRGYWWWYGYDY,,0,harvey2022
32463-1,GRIFRYYAINWSGGSTYRRAYIRYDSSSLDY,,0,harvey2022
39825-1,GRSLSVYAITWRGGSTAAADSTWFDWGNYWYYY,,0,harvey2022
7681-1,RSTFYHNVIDTGDSTAAEIPRRWASFATLWYDY,,0,harvey2022
31672-1,GSIFVLNAITGTGDRTAATVGDAYYEYDY,,0,harvey2022
59266-1,GFIIAYNAIRTRGGSTAARPFQRRYDY,,0,harvey2022
42549-1,GYIFGSYAITISGGRTAKDGERSRNGRIHYDY,,0,harvey2022
16627-1,GFIFWSNAITWNGGDTAAVPSRRARYDY,,0,harvey2022
32947-1,GRTFTPYAISSGTSTAADGYTYKFDY,,0,harvey2022
63666-1,GSTLDYYAIRWNGGSTARRSSTRYFYGWYDY,,0,harvey2022
66471-1,GFIFSSNAISFRGGTTNAVRWRSGRWWWYDY,,0,harvey2022
69597-1,GRIFPFYVINWSGGSTNGAPSDDYDY,,0,harvey2022
35207-1,GRLFTYYVISYGGGSTAAEDGYRKMDY,,0,harvey2022
52701-1,GIIFPIYAIDINGGRTNAEGGSYARLYGNYEY,,0,harvey2022
30706-1,GSIFPIYAINRSGGSTKADYGYHNQLFWGYYGWSSDH,,0,harvey2022
57767-1,VSTFGVNAISSSGSSNITTLLSVVYDY,,0,harvey2022
55131-1,GSTFLRYAITTSGGITDY,,0,harvey2022
25715-1,GSIFVGYAIRSGGSTNVEVHPYYWVDNFHRFPVLHNY,,0,harvey2022
32636-1,GSTSGPYAISWIGDRTNADYRGYANLEGDY,,0,harvey2022
43956-1,GSIFKDNAISWNGGSTATRIYGWSFGSWYKYDY,,0,harvey2022
3647-1,GIIVEYYTITYDGDTTAADYYYVYSSFGHYY,,0,harvey2022
49214-1,GRIFFRNANTNGGSTAADTLGVYDGDY,,0,harvey2022
6587-1,GRTFYIYAITSGGSTAADWVTFYSYTEYDY,,0,harvey2022
2477-2,GSIFFYYTISDSGGSTAAADWFTVLESERVDY,,0,harvey2022
28160-1,GRIYGLYAISEGGGSTAATYRTGVRRYYS,,0,harvey2022
60705-1,GRIFPGNANSRIGGSAASKRYSVGLRAFGKHDY,,0,harvey2022
35579-1,VSTFGANAISSGGRTNAGADYTYVYISVYVLYDE,,0,harvey2022
2009-2,GRTFAWYAISNVGSTNADAVSTDGREY,,0,harvey2022
48185-1,GSIFFLYAIRLSGGSTAAESAAASAVYSVEYDY,,0,harvey2022
37773-1,GRIFVPNAITRSGSTAADYYYPSQMDS,,0,harvey2022
23493-1,GLIFVANTITSDGGSTAAEYGGSSAKYGY,,0,harvey2022
31552-1,GRTFPSNVITTRGGNTAAKVKPGYDY,,0,harvey2022
52591-1,GRIFGRYAITGRGASTNAFRGAQGTDAYD,,0,harvey2022
28444-1,GLIFVKYAITSTGGSTATDYGYYDY,,0,harvey2022
28001-1,GTSLNSLCITWGTTTAAPPFGDSSYHY,,0,harvey2022
57734-1,GYIFEIYAISTRGGRTARESSIVPYGY,,0,harvey2022
2977-1,GSIFTGNAITNGGITAADYVDFYSFRRFDY,,0,harvey2022
4627-1,GRIFGGYAITQSGGSTATYAWYIFGY,,0,harvey2022
24949-1,GFIFYDYAISSGGSTAADVRSYATWKRDYDY,,0,harvey2022
68738-1,GRTFSGYAITWSGGSTARDSPRGRVGFNY,,0,harvey2022
34113-1,GRTFIVNTITARGGRTNASTPPREAERYY,,0,harvey2022
46343-1,GITFGWYAISSSGSTNKDYLLRHYYIYVIEGDY,,0,harvey2022
60257-1,GITSHPYDITSGGSTNAVYAGWRGGNY,,0,harvey2022
15516-1,GRTFAPNAISSVGITAKVRKTRSITDGYGY,,0,harvey2022
66567-1,GSTFGWYAISSGGSTAADYWTYEYPGYDY,,0,harvey2022
39079-1,GSIFYYNTITYSGGSTAAYIFYFSGGLNNRGTRGY,,0,harvey2022
47713-1,GFIFPVYAIRRGGSTAKTIGLKHEDEY,,0,harvey2022
6002-1,GRIFNSYAINWTDVSTAAVRWGSYTLSDDY,,0,harvey2022
21843-1,GRIYSTNAIYWIGGSTAAGVYDDYPWSYDIFNLYDY,,0,harvey2022
62986-1,GSIFMYNAITTTGGSTAADIYSSYYTQAVVLYAYNY,,0,harvey2022
7617-1,GNIFPTDRISHGGSTAVWSLGRWRHYY,,0,harvey2022
3937-1,GFTFDYNAISVSGGSTAAELTGDGTLGYDF,,0,harvey2022
20316-1,GNTFFYYAINRSGGSTARVLPGGWKSRISDY,,0,harvey2022
1166-2,GRIFSGYAITSGGSTAADSREVSTTAYYY,,0,harvey2022
43272-1,GTISQEDCIGLGSNTAVSVWQYSDHVY,,0,harvey2022
27069-1,GFTFVSNAISSGGSTATTNYQDSYEGGDY,,0,harvey2022
46050-1,GSTFYRNAINSTDSTAAVGVNLATAEYDY,,0,harvey2022
33592-1,GSIFRYYTINGSGGSTNRVTKEYGLRQYYY,,0,harvey2022
40610-1,GRIFTRNTISSGASTATRGYARY,,0,harvey2022
12610-1,GITFPANAISSSGDSTAAKDYV,,0,harvey2022
24686-1,GSIFYYYTIRWSSGTTAAGGHARTWYAYYY,,0,harvey2022
49776-1,GSIIGDNAITGGDSTNADRFRGRTVDGDY,,0,harvey2022
30443-1,GSIFSYYAITTGGGTAKDGYPDQDVQVFNDSDY,,0,harvey2022
49304-1,GGTFAANDIDWSGGSTNAGPAVRSAYSTPYYDY,,0,harvey2022
69403-1,GRTFLLYAITWGGGSTAADGSWHGYGY,,0,harvey2022
19589-1,GSTIPPNAISYGGSTAADQPYWRDYDY,,0,harvey2022
68670-1,GSTFGFNAITSGDSTAKVGGGGQAGDNPILSDY,,0,harvey2022
40599-1,GSTFELNVISSGTSTAADPFTIPTSDFYY,,0,harvey2022
48919-1,GNAMITRRGGSTAADNPSYNLWYGY,,0,harvey2022
57197-1,GFIFGYKAISSSGGSTAARPVALRKYYY,,0,harvey2022
26365-1,GRTFYLYAITKSGGSTATDGRWRLAGAFTGKRRTYDY,,0,harvey2022
12285-1,GITFDLYAISISSTSTNAVPSSKTFWFDY,,0,harvey2022
46189-1,GYIFGGYAISIGVGSTNRVSVGYDY,,0,harvey2022
10827-1,GSTFGSYAITDSDGPTAADVTRREPYQSYDY,,0,harvey2022
16599-1,GSIFAFYAITASGGRTAAVGGATYSWNGTFLYDYDY,,0,harvey2022
65702-1,GFIFVVYTITSGGSTNALASRYQAYYY,,0,harvey2022
29246-1,GRIFGTYAITSSGSTAAVWVVFYYCYTVPVHYEY,,0,harvey2022
29361-1,RSIFEVNPISCSGGSTAARQAGYSGRKLYY,,0,harvey2022
7986-1,GSTFNRNAISSGGSTAAGDPQKEDY,,0,harvey2022
9062-1,GITLYRYAISSGGGTTAADYGFRYPLYDY,,0,harvey2022
25449-1,GSTFFTYTITTSGGSTAADWDPGYYVQYGYDY,,0,harvey2022
25373-1,GRIFTHNVISASGGSTNAEWAVRYPGYDY,,0,harvey2022
20729-1,GRIFGGYDMTSDSSTAVQVNGPVFYRPYLDYDY,,0,harvey2022
33432-1,GRIFNSNAISWSGGTTNADLWTSYFGRGDY,,0,harvey2022
45041-1,GSIFIPYAISGSGTSTAKGYSNFYRSDY,,1,harvey2022
22499-1,GFIFTYYAITSGGSTASRIYYGRFWYDY,,1,harvey2022
53309-1,GRIFQGYAISVRGGSTATRTRYRGGY,,1,harvey2022
67980-1,GFILRSYGITRGGSTAARTRYYSQQFDY,,1,harvey2022
57855-1,GRTFAGNAISSGGSTAKRYFRKGYPLFQYAYGY,,1,harvey2022
33307-1,GFIFGYNAISTRGGSTNKVTRVPFDS,,1,harvey2022
64670-1,GLIFSTYAISSSGGSTAAVTKRYQPTYYITYGY,,1,harvey2022
1119-2,GRIFRYNAISWTVGRTATYFRVWYRSYDY,,1,harvey2022
35203-1,GIMFSPNDITTDGSSTNADQLWYSLFDY,,1,harvey2022
31279-1,GFIFGLNAISRRCGSTASDTLGGTSLGDY,,1,harvey2022
62228-1,GITFARYAISRSVGSHARYKSRLYPRYDY,,1,harvey2022
66368-1,GRIFRWYAISSRGGSTAADTSGWQPRYDY,,1,harvey2022
29360-1,GSIFRDNTISYSGGGTAKRTYPWYYREIPYGY,,1,harvey2022
48766-1,GSIFSNYDITRSGTNTAAAIRPGMDY,,1,harvey2022
40542-1,GSTFNRYAISWNGGSTATLVRKYDGFNY,,1,harvey2022
32803-1,GSIFNIYTITSSGGKAARRRPYSPHLGY,,1,harvey2022
61313-1,GSIFYSNAITRRGGSTAARSKTSNLFNY,,1,harvey2022
24243-1,GRTYRYTISRSGGSTAKVIYRYNETYDY,,1,harvey2022
62033-1,GFIFPSYAITSGGRTAAKSHSKTGTRYYY,,1,harvey2022
15938-1,GTTFGYYAITKSGGSTAARYKGQYYRQGRHDY,,1,harvey2022
6393-1,GFTVPPYAITWSGDRTAAVRWGRRSGGLVAEYDY,,1,harvey2022
6466-1,GRIFGVYAITISGGGTAVKSIVRRKGYTYYRYDY,,1,harvey2022
2360-1,GRIFFHNAISWSGSSTNAVYGRFVVLRYDY,,1,harvey2022
31124-1,GSTIHTYTISRSGGTTNALSSKTDTYDY,,1,harvey2022
57699-1,GFTSTRYAISYGGGDTSSRLRSRNTRLYH,,1,harvey2022
7519-1,GFTFRYYAINSGDSTATRLWKIPGAMYY,,1,harvey2022
12242-1,GRIFDVYEMTWSGTSTNALSYGRYLNYRGGMDY,,1,harvey2022
52562-1,GLTFSSYAISLSGGRTAARRPNLQHANDY,,1,harvey2022
9135-1,GRTFSVNDISFSGGSTAAEAYPSWFYVITGFGIYDY,,1,harvey2022
22239-1,GFTFYKNTISYRGGTNARYRGKYSSYGF,,1,harvey2022
31014-1,GRTFPWKVITRSGGSTAKRGYTSSRRWIYDY,,1,harvey2022
48408-1,GVIFAIYAIRWSSGRTAATPSIFTIHRQDYDY,,1,harvey2022
25027-1,GSIFKYNTIRYSGGRTAAGSIQYRPTYTGDY,,1,harvey2022
45603-1,GRTFLRNTISRSGATTAALGQGRTSATSFVDYEY,,1,harvey2022
36683-1,GRIFAYYAITRSGARTAAEGVRIGTRYDY,,1,harvey2022
32316-1,GRTFPFYAISISGGSTATDGLYLSWQYSWEELYY,,1,harvey2022
30725-1,GSNYRFYAISSSGGTTAKDAFGWGRVYYYRSGY,,1,harvey2022
24802-1,GIIFRYYAISSDGGTAADYQFYWHYYY,,1,harvey2022
10400-1,GSTFYLNAITRVGRTNALGHYKL,,1,harvey2022
7784-1,GFTFRHNTISIGGRTAALAVRFYSRYDY,,1,harvey2022
12640-1,GFTFYRYTISSGGRTATRYPGYRDGYDY,,1,harvey2022
8526-1,GFTFPIYAITTRGGRTNTRGRRTDYDY,,1,harvey2022
66843-1,GITFVRYAISRRGGSTNAQRPKATVWQLYDS,,1,harvey2022
43417-1,GRTLQTYVITRGGGSTAADDPGSHISGGSGEYDY,,1,harvey2022
30875-1,GRIFRFYAINSGVGRTAAEKRSYPQSYYY,,1,harvey2022
48199-1,GTISFTRDIDRGASTAVIAPFYSSFAY,,1,harvey2022
11418-1,GSTLRFYAISSSGSSTSGYGY,,1,harvey2022
37799-1,GRIFRYNAITSRGGRTTAKRYRYYRWYFTGKYDY,,1,harvey2022
61803-1,GFTIRLYAITSGGSNAEALVNGGYDY,,1,harvey2022
51349-1,GFIFRYYAITSRGSSTAARLRGDYVRYDY,,1,harvey2022
42464-1,GFTFVYYAIRSGGSTAARNRYDRLRYYY,,1,harvey2022
5399-1,GLIFAGNAISSSGGRTAAVRTGYYRQYDY,,1,harvey2022
30647-1,GSIFKKYAISSTGGSTNAPGLRDYDAEYDY,,1,harvey2022
6400-1,GRIFDNYAIRSSTGSTAVRAYGPRNARGGTAGYDY,,1,harvey2022
60608-1,GSIFGGNAITSGGSTNVDRLARKAHYDY,,1,harvey2022
60327-1,GRIFVPYTISRSGGSTAATGWYGLPTSYRVNY,,1,harvey2022
35014-1,GFIYSYAIRRGGPTAADSWFRRNEYDD,,1,harvey2022
40457-1,GFTFRSYTITSRGTSTAAPIYNGYASWQVYY,,1,harvey2022
41426-1,GSTFRRYSISGRGGSTAADDKYFYPGNGY,,1,harvey2022
49186-1,GSTFHTYTISRSGGSTNALSSKTDTYDY,,1,harvey2022
55345-1,GRIFVYYAMNAGGSTAAVRRSRYSYRGYY,,1,harvey2022
42416-1,GRIFDGNAITRSGGRTAAYARGGLSDS,,1,harvey2022
772-2,GSTFVDNAISSGGSTNAESFYWWHSYDY,,1,harvey2022
10180-1,GSTYYRNAINRGGSTAKDPYYAGRYRGDY,,1,harvey2022
36925-1,GGTFVGYAISRRGGSTAKSEHRSVPQYDY,,1,harvey2022
58290-1,GSTFTYYASNKSGGRTNKVTRREGSYGYPSRYDY,,1,harvey2022
15392-1,GFIFDRYAISKSGGRTAAYYKSTYVTGDY,,1,harvey2022
8618-1,GLIFGYYAISSGGSTAARYSRWFGY,,1,harvey2022
18387-1,GPTCGQLAISYSGARTNAYSAYVNGNRRGLGY,,1,harvey2022
62392-1,GLIFRRYVISATGSRTAAYRGPRIYRYDY,,1,harvey2022
26110-1,GNTFPVSYTISKDGGRTAARYSSSRGLSSEY,,1,harvey2022
42667-1,GRTFAIYTISGSAGNTPARQRKARQIVLLDY,,1,harvey2022
55961-1,GSILKVYAITRSGVRTAAVGYVYRTYWYTRQSTYEY,,1,harvey2022
60178-1,GSTFRLYAINWSGGSTAAKVRGQSYGY,,1,harvey2022
42264-1,GFTLPLYAISSGGTTAAGGTFFHRFYYYYRSDY,,1,harvey2022
10644-1,GSTFAIYGITRGGSTNSPLGVRRFKSKGRSHYEY,,1,harvey2022
54746-1,GRIFAFNAITGRGGRTAAQRYINYDY,,1,harvey2022
61326-1,GYTFRYYAITGRAGSTAAQPAHPRRYDY,,1,harvey2022
57207-1,GFTFKYYAISRGGSTAARYVRVGYDY,,1,harvey2022
48489-1,GSTFRYYTISGSGGITNAGVFYRDDY,,1,harvey2022
59729-1,GFIFTANAISRSGGRTAAPYRSYDWYDY,,1,harvey2022
5942-1,GLTFIFYAIRTSGKTNCRRCYSWGWTWQQTEYVY,,1,harvey2022
13631-1,GRTFRGNAISWSGGNTAAGSYWSPYGQSFWPKYDY,,1,harvey2022
28048-1,GFILDNYAISGSGGSTNRDRLLRQYDY,,1,harvey2022
52853-1,GSTFRYYAISTSGGRTNARESRGYAYQTWKYYY,,1,harvey2022
54130-1,GYIFGYVITYSSGNTAKQAYYKGRLAYGY,,1,harvey2022
63393-1,VRTFSSYAITSGSSTAARDIREIDCISYWYDY,,1,harvey2022
17447-1,GSTQYSYAINSGSNTAAKGIIYTGYDGARRAYGY,,1,harvey2022
3496-1,GITFVKNAIRIGGSTARYAGRLSYRYEF,,1,harvey2022
10308-1,GSIFGWYAITSGGSTNARYHAGYKGYNY,,1,harvey2022
54732-1,GRTFGQNAISRGGSTAAAKKSGVYLRLNY,,1,harvey2022
39053-1,GSTFSRYAISWSGGSTAAYTYSFRANHDF,,1,harvey2022
13946-1,GITFRFYAISSRGGRTAADFYYRTVATVTSVARYDY,,1,harvey2022
25293-1,GSTFKLYTITSGGRTAATWLRVKYRFKGYDY,,1,harvey2022
53602-1,GSISFYAITTSGGRTNVASKGRYARYAAEYGS,,1,harvey2022
69831-1,GRTFYRYAISNSGGSTAASSRLYRTRYNHYY,,1,harvey2022
66802-1,GSTFINYAISRSGGTTNATLGSYARTRYYY,,1,harvey2022
19746-1,GRTFYLYAISRSGGITAASRAGGYYGKGYS,,1,harvey2022
56531-1,GSIFIVYAISWSGGSTAAKYTLPFRDVKYYS,,1,harvey2022
5135-1,GSIFVRNAISRSGSSTAKVPDYSFEY,,1,harvey2022
38070-1,GSIFIQNGSASGGSTAARVWYSSDGSTYPYTRYDY,,1,harvey2022
45238-1,GSIFVIYAISWNGGSTNTVASYYRWKSYYY,,1,harvey2022
20661-1,GRTFTYYAISFSGGRTAAENYYTRYRDRDY,,1,harvey2022
29722-1,RITFSLYAISRGGSTNASARTYGGQTWNYY,,1,harvey2022
41922-1,GNIYSKYVITYSGGSTDADRGYRFRMDY,,1,harvey2022
64125-1,GSTFQSYTISRSGGSTAAAFYGRWGGFDY,,1,harvey2022
14683-1,GFTFKSYAITRTGVSTAAGIRHIYQSYAFYKFDY,,1,harvey2022
30261-1,GIIFPNYAITWRGGGTAAQKAYPRRYYGYKWEYYY,,1,harvey2022
19173-1,GRIFRRYAISSGGSTNVYYGYFRSRYCY,,1,harvey2022
25749-1,GFTLYRYAISKRGATSAATISRAYKPVKGHYYLGMDY,,1,harvey2022
40749-1,GFTIYLYTISWSGASTATRYRYRY,,1,harvey2022
5489-1,GRTFWWYASSRGSTTATQWLSRAVPSQRNPGRYDY,,1,harvey2022
58510-1,GRIFSYNAIRWRGGSTNALRYYHYDY,,1,harvey2022
5253-1,GRTISYYAISRGGSTAAKSGRVRDDY,,1,harvey2022
29541-1,GLTFNQKAISRRGGSTNTRGKSGLWWYYY,,1,harvey2022
950-2,GFIFNLYAISSGGGTAAGYKRRYYWKGYTRYDY,,1,harvey2022
58065-1,GLILSKYAITQTGSRTNAVNYRSSRDSGY,,1,harvey2022
70246-1,GSIFFRYTITGSGGSTARPGWGRYEY,,1,harvey2022
16818-1,GYTFSKYAISKRGGSTNAREWSRTFDY,,1,harvey2022
3945-1,GFISRYAINRSGGRTAAERSSSYTYDY,,1,harvey2022
19194-1,GFTLVKYVIRRRGGNTAAKKRSDLRTGDMEY,,1,harvey2022
26281-1,GRIFGRNTISYSAGSTAAGYIRTTYRTNRYGY,,1,harvey2022
67591-1,GSTSYLYPISWNGGSTAASVHATSFSGGRHWFKLYY,,1,harvey2022
71416-1,GRTFRKYTITLSGGSTAARYNRGAFDY,,1,harvey2022
29644-1,GFTFYYNAITSSGGSTAAVVYYRGYTYNY,,1,harvey2022
31216-1,GYTFPIYAISSGGRTNARRLGWHALYLYDY,,1,harvey2022
9332-1,GRNFIVNAITSRGGITAAGYITWGSGNWVVTPYDY,,1,harvey2022
36266-1,GYIFVIYAISWGGGSTAARGWVVGRISVPGEY,,1,harvey2022
8640-1,GFIFYRYAITSSGGSTNKRTYPKRFDY,,1,harvey2022
25641-1,GRIFWYNAITSAGDTAKYYRWLITRRGSNDY,,1,harvey2022
63276-1,GRTLVKYALTQRGGITAASLYSYRSPYTFYY,,1,harvey2022
52515-1,GSIFRGYTITSGDSTAAGRLYLPYLVYRTYSFVGYYY,,1,harvey2022
21936-1,GLTIAPYAITQRGSSTAARYRARYY,,1,harvey2022
49622-1,GRIIGFNAIRTTGGSTAARWGKTRWQYNY,,1,harvey2022
5925-1,GLIFNRYTINRSGGNTNADYFSRTGYIYDY,,1,harvey2022
53935-1,GRNFAVNAIRWSGGGTKALRKTYRLDY,,1,harvey2022
63701-1,GLTICDYAISSSGGRTAAQSKYYQYYS,,1,harvey2022
13677-1,GFIFGSYAISRSGGRTAAVHLLVYPTYDS,,1,harvey2022
26600-1,GSTFTRYAISRSGNTAAKRKSYYSYNFDY,,1,harvey2022
65585-1,GFIFVNYAISARGGSTAARYTARRQSYGY,,1,harvey2022
44596-1,GRIFRYYAISTSGDTTAKPIAPARNAYPAYDY,,1,harvey2022
44429-1,GRSFAQYTISWSGTSTAALGRYSVEYGY,,1,harvey2022
8875-1,GIILLHYAISSSGGRTAARRIGRLQSF,,1,harvey2022
29454-1,GRIFALNVITWSSGRTAAAFRPRAIELSYYY,,1,harvey2022
70829-1,GSIIRYYAISTGGRTAARRRTLNYLYDY,,1,harvey2022
43567-1,GFTFGYYAIRSSGGSTAVLYGYRSSSRYGYDS,,1,harvey2022
34507-1,GRIFWYYVISSGGSTNAYVYGQRVWYDY,,1,harvey2022
22446-1,GAIFDSYAISYRGGSTAATPGYHYRSWRYYY,,1,harvey2022
38709-1,KESINAIGWSGSSTAADTTTGDRGFDY,,1,harvey2022
66933-1,GRTLGSNTISLSGGSTNAKYHRRLQWGTRYYY,,1,harvey2022
60368-1,GRIFNYYTINWSGGSTNALGYYRRAYYRGYDY,,1,harvey2022
57009-1,GRIFHRNAITTGSSTAARYFIGSYRPRFDY,,1,harvey2022
33408-1,GLIITAYAITGSGGRTAADFPARGSSTSDY,,1,harvey2022
56611-1,GFTFDSYAMSYRGGTTNRLWKYGYNY,,1,harvey2022
70495-1,GSIFHWNTISVRGGSTNARSYYQYVKYYS,,1,harvey2022
40793-1,GRIFRYNAITWSGVSTNARRWPAWSSDDY,,1,harvey2022
19873-1,GITIYRNAITRNGGRTAADSGTRNLASYRYYY,,1,harvey2022
1273-2,GSTFYYYAIRSRDGSTAAVGYRRVDAGSSASRYDY,,1,harvey2022
41021-1,GIIFPYYSITSSGGSTAAQTWGHGGDS,,1,harvey2022
33157-1,GFIFRSYAISRSGGSTATDGGRSTARGYGH,,1,harvey2022
22835-1,GRIFYQYAITSGGGTAAGPWYYSYPDYY,,1,harvey2022
55968-1,GSIFFDYGITRGTGSTAAGWHYVYRTPGFGY,,1,harvey2022
51242-1,GRIFGVYAINYSGTRTGARRGSYSVTEY,,1,harvey2022
26152-1,GFIFYRNTIRWRGGSTAADTRPGYSGFVY,,1,harvey2022
35927-1,GRTFVQYAISDRGGNTAAKIALDNDY,,1,harvey2022
59018-1,GRTFRYYAITGGGGSTNKLRYKQWGAPYPMDY,,1,harvey2022
67815-1,GFTVVIYTINWSGASTNRVYVQQDFPYKIYPYNY,,1,harvey2022
53736-1,GRIFYYNTISTRGGRTAKQYGSYGRYYKYYY,,1,harvey2022
43628-1,GNIFSSNAITRSGGSTAASHYPRNSWGYDY,,1,harvey2022
30665-1,GRNFYGYAISYGGGSTNDFSAYMGQYGY,,1,harvey2022
41854-1,GRTLVAYAIDTDTGITARRAGSYPYGYTGYDY,,1,harvey2022
15153-1,GIIFGGNAISRSGGSTNAYYRYFRSIYDS,,1,harvey2022
25733-1,GRTLSVYAITIRGGRTAAPPYVKMDY,,1,harvey2022
1181-2,GRTFLRYTITYSGGSTAASYLWGYTEYYY,,1,harvey2022
55845-1,VSIFDAYAITYGGRTAAGGGYYYRYHRYPRGY,,1,harvey2022
52548-1,GRTFRYYAIRRGGSTAARYPGTRGDGY,,1,harvey2022
31268-1,GFNLEPNAISFSGGGTAADWYYYVWWYDY,,1,harvey2022
12751-1,GGIFTSNAITKNGGRTNAAVTFRCYDY,,1,harvey2022
69518-1,GIIFLGYVISSSGGRTATRTLQPGYTYPRYY,,1,harvey2022
60527-1,GSTFDGNAISYSGGRTAVQVSRTFYY,,1,harvey2022
52189-1,GRIISGNAISWSGGSTNAPGYRRYGSRMGY,,1,harvey2022
11314-1,GRISNRYAIRRSTTSAARGGRRGGYYS,,1,harvey2022
64676-1,GITFDRYVISWTGDSTAAEDLWYGYNY,,1,harvey2022
21968-1,GGNFYGNAISRRGGSTAADARSSYYTKRFDY,,1,harvey2022
66306-1,GRIFTPYAISFRGDSTAARQYGGYGY,,1,harvey2022
55849-1,GFTISAYAITSGGGSTAARNHRYKFNY,,1,harvey2022
19161-1,GFTFTYYTISGSGGSTAARSRWQSYRLKNHGTYKHDY,,1,harvey2022
31222-1,GSTFAIYAITGRSGSTAAQGGYRRTPYIHRDY,,1,harvey2022
2287-1,GSTFYQYAITRGGRTAAGYRTAYRGSSYYY,,1,harvey2022
28011-1,GSIFFPYAISYSGTSTAAEVIGRYIEYYY,,1,harvey2022
38992-1,GGTFQRYVISRSGSNVVRYYRYYLHGYDY,,1,harvey2022
51331-1,GSIFRRYAISYRGGTTNTLYYRGIYDH,,1,harvey2022
50583-1,VIIFRGYAISRSGGRTAPQWLYLEYDY,,1,harvey2022
12142-1,GLTFAAYAISRRGGSTAARSFWGGLRYDY,,1,harvey2022
38855-1,GSIFGTNAITGRGGSTAVKISTYTYGY,,1,harvey2022
60979-1,GFIFDSYAISWSGGRTAADTWFGMDY,,1,harvey2022
65397-1,GRIFYSNTISRSGGRTNTAYCRNPYYKGYY,,1,harvey2022
5538-1,GFTFDRYAITSRGGRTNAVYSQAGYFYRFDY,,1,harvey2022
41229-1,GSTFGYYAISTGGSTAATRYNRWPIKFDY,,1,harvey2022
28307-1,GLTFQQYAITVSGGHTAAPPGYTGRYDYYY,,1,harvey2022
19288-1,GITFRWNAITTRGGGTGAKKSRYPYNY,,1,harvey2022
13144-1,GRITYYAISWSGSSTAAENAVTGTDGEYYY,,1,harvey2022
6831-1,GRTFPIYAITRSGGSTAARTTYHAYRRFDY,,1,harvey2022
17821-1,GSIFKGYVISGSGGSTAARYRYWGGSGFKGFDY,,1,harvey2022
29646-1,GSIFRGNAISQRGTSTNALYWQIGDDY,,1,harvey2022
11780-1,GSTSWLNAISVNTGSTAARGRGHGTTPNDY,,1,harvey2022
22052-1,GSTFGYYAISYSGGSTAARFTRQMYY,,1,harvey2022
70253-1,GSTIKPYTISWSGGRTNARFSRSNRYDH,,1,harvey2022
58823-1,GLIFDYYAITYSGGSTAADWVYVNAWTGGWTYEF,,1,harvey2022
68805-1,GSIFRGYAITWSAGRTAADHGSYWPRYDY,,1,harvey2022
41429-1,GFTFQYYALSSSGGRTAAVWYGFLYYY,,1,harvey2022
1697-2,GSIFYLYAIRYRGGSTAAEYGDGRYWSYDY,,1,harvey2022
65865-1,GSTFTYNTITKSGGSTATSTSRRYGSRHNY,,1,harvey2022
57458-1,GSTFAYYAISVRGGSTAADTFAGYYY,,1,harvey2022
3708-1,GFTFYRYAISWPGGSTAATYRRSHRYNY,,1,harvey2022
39231-1,GLIYYYYTISSSGGSTAAVYHFQYGAYDY,,1,harvey2022
13460-1,GFTILDYAINWSDVSTAVDVLTVGQSYDH,,1,harvey2022
69591-1,GFIFGKYAITSDGRTAVDYYWYWYSGYDDY,,1,harvey2022
16355-1,GGIFHGYAISRGGSTAARTRWFKGYDY,,1,harvey2022
34991-1,GNIFYRNGISRRGGSTATRYWPTNKGEY,,1,harvey2022
47545-1,VSIFGYNTIRASGGSTAKYLRGSWVRQFGSTYDY,,1,harvey2022
41315-1,GSTFNGYVISRSGGSTAAAPPLAGLGGYY,,1,harvey2022
16815-1,GRIFSRNTISWSGSRTAAVVPLSRSYDYYY,,1,harvey2022
51642-1,GSIFFYYVISSGGGSTAAGTYYKFYY,,1,harvey2022
24536-1,GLTFHVYAISWSGGSTAAESLSQGIWYDY,,1,harvey2022
18495-1,GSTSGSYGIRISGDSTAAEAFFWYYGWYDY,,1,harvey2022
38539-1,GSIFTYYAISGSGGRTAVRSYRRFTHLYYRYDY,,1,harvey2022
14968-1,GRTFGPNAISGSGGSTAARHRQQKLDY,,1,harvey2022
34072-1,GSIFRGYAIRYSGARTNARYIRSYDY,,1,harvey2022
37682-1,GSIFNRYTISKRGGSTAAAAYHSGKGGGY,,1,harvey2022
24011-1,GRIFSYVISTGGGNTAADYYAGTFDY,,1,harvey2022
8789-1,GSTFVTYALSRRGGSTAAVQGSYSRDGADDY,,1,harvey2022
34910-1,GRIFSTYAISWRGSSTNADKANRYD,,1,harvey2022
2991-1,GITFLANAITSRGASSAATVRRRYERYND,,1,harvey2022
52922-1,GGTFYGYAITYSGGSTAADVKYGYD,,1,harvey2022
25067-1,GSTFARYAISRSGGSTAVRSGYYDKYVRGYDY,,1,harvey2022
14944-1,VRIFTRYAISYRGGGTATRRYPYSLLYKY,,1,harvey2022
48093-1,GSTFSQYTITGSGGGTAALTLNEKYTSRRGVYY,,1,harvey2022
20732-1,GFTFTYYDISRSGGRTAARRVDTRVHVRYRYYY,,1,harvey2022
51103-1,GRTFYHYVISVSGGRTNARYGHRVRKEAGLSYY,,1,harvey2022
62965-1,GRTFGGYTITWNGGRTAVRIRLRRARLSYDY,,1,harvey2022
20912-1,GSIFGYYAISDGGTITAARSPPRYYEHRFYY,,1,harvey2022
63002-1,GSIFRRYAITNRGGTTATALWVRYYGQGGYIRRYDY,,1,harvey2022
25547-1,GRIFNYYAISGSGGRTAADGVDGYDY,,1,harvey2022
64132-1,GFNFTYYGISESCGSTAADVTKRASRDYY,,1,harvey2022
1520-2,GRTFPAYAISSSGSRTAARGGRRQKVNRDDY,,1,harvey2022
30727-1,GRIFRFYAISTSGRTAAGTVLQGWSGAYGY,,1,harvey2022
69980-1,GSTFYVYTINFSDGRTAAKYLRSRHSNY,,1,harvey2022
11836-1,GIIFGTFAISSSGVSTAAPLHYGYYY,,1,harvey2022
59559-1,GRLFWLYAISDSGTSTATPAGQAAYDY,,1,harvey2022
57257-1,GSTFRYYAITGSGGSTAAYYSGGYDY,,1,harvey2022
66074-1,GSICWSYAITRSGGSTNARRTTRWGSSKYEYDY,,1,harvey2022
20136-1,GRIFAGYAINWSGGSTAKEPTYRSGEAYVGLYY,,1,harvey2022
68060-1,GLIFQYYAISWSGSSTAAGWGRGWYDY,,1,harvey2022
37912-1,GFTFYAYVISGSGTSTAADYYPWDLDDDY,,1,harvey2022
31339-1,GRIFRNYAISSGGGSTNARYVYYGKFREYDY,,1,harvey2022
57344-1,GRIFVGYAISRSGDSTAARIIYWGYYY,,1,harvey2022
60449-1,GRIFGAYAISSSGSRTAASRVSALYDY,,1,harvey2022
39336-1,GSTFDHYAITRSGGSTNARRWITSDY,,1,harvey2022
33508-1,GRTMYRNAISRSGGSTNADYQEYVSGYDY,,1,harvey2022
51070-1,GSTFSRYAISSSGGSTAARIWRTRRYDY,,1,harvey2022
2060-1,GFTFVRYAISYSGGSTAAVIYRGYYY,,1,harvey2022
34934-1,GRIFGYYAITSGGITAARSGYYYRVKFYY,,1,harvey2022
9854-1,GLTYADYAISRRGGSTAAYAYDVAFKRYKFDY,,1,harvey2022
32901-1,GRIFQYYAITSGGRTNAKTWYSYNY,,1,harvey2022
60684-1,GRTFPRYAITSSGGRTAARTYPRIPYYY,,1,harvey2022
8866-1,GSTSFNYAISFSSGRAARWNRNLWRYLTSALYY,,1,harvey2022
39151-1,GRTFSINAITKRRSTNARYRGRVYDRFGY,,1,harvey2022
29885-1,GYTFAGYAISQSGGRTAAEETSYTSEY,,1,harvey2022
65110-1,GYIFRGYAISRTGVSTAADYYYWYYKSGYDY,,1,harvey2022
12910-1,GITFRVYAISRGGRTAARQYRHRVKYYY,,1,harvey2022
20275-1,GRTFSYYAITTGGRTAADYTVSYPYYEYYY,,1,harvey2022
53320-1,GSTFYPYFISKSGGSTNKKVGSYYRSYYY,,1,harvey2022
71314-1,GRIFYGYAISRGGGSTARYQEWRQEYDY,,1,harvey2022
31925-1,GFTFSVYAITWRGGSTAVLYPKYGKRYGY,,1,harvey2022
38057-1,GFSFTNYAINRSGGRTAAYGRYYYIYDY,,1,harvey2022
27219-1,GRIFYSNAISYSGGRTAARYAWGYVDPGDY,,1,harvey2022
62258-1,GRTFRYYAITGSGGSTATRWALRWRGGY,,1,harvey2022
16387-1,GIIFYLYAISWGGGTTAAETEYYSYRFDY,,1,harvey2022
66755-1,GIIFDNYAISPGGSTNARKYTWYSSRFIRFDY,,1,harvey2022
21505-1,GRIFRFYAISSRGGSTNAYGSTSQMDY,,1,harvey2022
12636-1,GSILSRYAINWSGSSTAKLYVTPRRLPYDY,,1,harvey2022
47465-1,GRIFVCYAITCRGGSTAAVGHSGGRRYDY,,1,harvey2022
38595-1,GFIFEDYAITWRGGSTAAEDYWGWRDY,,1,harvey2022
21836-1,GRIFSIYGISGSVAITAAVYQSRLWARYYY,,1,harvey2022
26633-1,GSTFSYYAISWRGSSTAAGYPGRVSGYLYGTRATYYY,,1,harvey2022
14523-1,GSTFGYNAITRRGGITAKRLGYPGNSRNYYY,,1,harvey2022
55224-1,GRTFFPYGISYSGGITSVRTIWRFRYDY,,1,harvey2022
3182-1,GRTLYHNAISYRGTRTAADTTYATKSDY,,1,harvey2022
13088-1,GSTFRFYAISTSGGSTATRRRIRSSFYYDNDY,,1,harvey2022
31137-1,GSTFDVYAISSRGGRTAARYKGNPDRYGY,,1,harvey2022
15522-1,GRTFRYYTISWSGGSTNAVYGYRGVTNMDY,,1,harvey2022
32826-1,GRTFFYNAISWSGGRTASTGFYSSHYHLDY,,1,harvey2022
36375-1,GSTFGVYAIRWSDGTTAAVGYKRGTGRYGY,,1,harvey2022
45080-1,GFTFFKYAITRNGGRTNAASVNGGRDFDY,,1,harvey2022
66426-1,GRTLRTYGITRRGDSTNTASYGRHQFRKSSKMDY,,1,harvey2022
27951-1,GRIFRLYDISSSGDSTAAVTRRYVLSTFYY,,1,harvey2022
60465-1,GRTFNGYAISWSGGRTAAQYFSGY,,1,harvey2022
8634-1,GFTFPYYAITSGGRTAVGWRTIYGSDGDY,,1,harvey2022
25246-1,GSIFDSNAITWSGGRTAARKYTLFWPYDY,,1,harvey2022
3426-1,GSTFRGYVISRSGTSTAAQLYGHGEDY,,1,harvey2022
7278-1,GITLSKYAISWSGGRTAAEYKFGGKLGYHY,,1,harvey2022
37513-1,GFTFAYNDITNSGASTNVGLWRYVRFTGRYYPYDY,,1,harvey2022
5707-1,GFTFYRNTISTRDGSTAVLTYRGRFEY,,1,harvey2022
17842-1,GFTFKINGIRTSTGRTAATFKSGMDY,,1,harvey2022
34796-1,GFIFYDYTISSRGGSTAAYWSQQTYEY,,1,harvey2022
64956-1,GSTFTKYAISRSGGSTAARDSSRNYFGDGARDY,,1,harvey2022
9804-1,GSIFVYNAITWSGGRTNKRQYSRTFRYGY,,1,harvey2022
17134-1,GRTFPVYAIRGRSVRTAAYYFNPGMDY,,1,harvey2022
54440-1,GFIFTYNAIRSTGGSTAARARGTNMYY,,1,harvey2022
40445-1,GSTFYHYVISWRGGRTARAYFQPSYYGVEYNY,,1,harvey2022
56557-1,GRIFVGYAISRSGARTNTVKVLIYS,,1,harvey2022
31506-1,GFTFKYYVLSKRGGSTAAAFVRPPPYVGYSRFDY,,1,harvey2022
16515-1,GGIFVKSAISKRGGRTYADVGVEYDY,,1,harvey2022
43550-1,GSTFLVYAISRGGSTAKSRWLYTTRSGYDY,,1,harvey2022
5014-1,GIIFTGNAISTSGGRTAADDLSGTELYY,,1,harvey2022
16399-1,GSTFRNAISYSGGRTASPGVSWSTRSYYY,,1,harvey2022
64799-1,GFTISYYAISQSGGSTAADTYYNLGNY,,1,harvey2022
47738-1,GITLRYYTISYRGGSTNARKRTFPSRSIGGDY,,1,harvey2022
12957-1,GITFPRYAITSGGRTNAVGWVRSQVRLGY,,1,harvey2022
36173-1,GRTFIPYAIRTTGGSTAATSRQRPYDY,,1,harvey2022
8373-1,GRTFYVYGITYRGGSTNADTYYRSDY,,1,harvey2022
49270-1,GLIFYRYAMSRSGGNARTLYAYITRDY,,1,harvey2022
51858-1,GSTFQSNAITDSGGRTAAVSLWWSDYYFVEYDY,,1,harvey2022
64869-1,GSIFYDYVISVSGGRTAAKYPAGGRNYDY,,1,harvey2022
59020-1,GSIFGYYAISSRKDSAASTFRLTYAGHSYDY,,1,harvey2022
28955-1,GSIFYYDITWSGGSTAAIFGYGSTWWRWGKDDY,,1,harvey2022
37357-1,GGTFYYYAISWSGVSTAAGPFYYTGYEGVY,,1,harvey2022
40199-1,GRTFASYAIRYSGGSTNARPKFRTYNY,,1,harvey2022
65784-1,GSTFAPYTISWNGGRTATRRIWTQSYDGGLYGYYY,,1,harvey2022
46754-1,GFICPIYPISWRGGSTAVVVQGYSTYYY,,1,harvey2022
5930-1,GFIFNYNVISSNGGSTAADLAGWPYYWWGPFDY,,1,harvey2022
61757-1,GLIFYRYAITRSGGNTATRGIWKKVPYYY,,1,harvey2022
31744-1,GRTFYTYVITYSGGSTNDEWTYSEWYGQYLEFDY,,1,harvey2022
50768-1,GIILYRYSISRTGASTDVKALDQARYGKSGY,,1,harvey2022
15970-1,GFTFGYYAINWSGGRTAASSRTKRYY,,1,harvey2022
57182-1,GFIFYYYAISRRGGSSIVDFHWQRFHHKSAAYDY,,1,harvey2022
12458-1,GRILPFNAIRWRGSSTAAPSSVRGKVISAYYGY,,1,harvey2022
42492-1,GRTFVRYTISRSGGSTAARGNAYHRYYY,,1,harvey2022
17237-1,GNTIFYYDITSRGTRTNKARGVAYD,,1,harvey2022
14182-1,GSIFYWYAIDISDDTAARTTRWFYEYD,,1,harvey2022
46401-1,GRTFSSNAISSGGSTAAAVGPSGYYYESDY,,1,harvey2022
20901-1,GRTFGYNAISYSGGSTAAKYWYWQSPSKYYY,,1,harvey2022
29555-1,GRIFRSYAISSTGGNTAAYWFRGYKY,,1,harvey2022
20976-1,GSIFDYYAISWRGGRTNTQEPYYESDY,,1,harvey2022
68757-1,GFIFSRNAISRSGGRTATDHVRQSPYDY,,1,harvey2022
7319-1,GRTFVSNAISGSGGSTAARTQSYYTPRSYYY,,1,harvey2022
29128-1,GFTFRYYVISTRGGRTAKDAHHSYTWGYGY,,1,harvey2022
51379-1,GRIDHNAITWSGGGTNVRRAFSGWRGYDY,,1,harvey2022
16636-1,GFTFRYYGITRTGGSTGAGGSYAYVY,,1,harvey2022
62124-1,GFTLGFYAINWRGGSTNAGFNTGGYGY,,1,harvey2022
12404-1,GLIFRKYAISSGGDTNADRKYWYGIALEY,,1,harvey2022
24759-1,GSTFDSNVINYSGVRTNARLFSYRYPEGGY,,1,harvey2022
29160-1,GIIFSDYAISRNGGSTAATRRYRYN,,1,harvey2022
129-3,GRIFARYAITTSGDSTAAERRYGRYYRLVRL,,1,harvey2022
36324-1,GSTFGYYTISRSGGRTNADGTRYAGDDY,,1,harvey2022
58132-1,GSTFYRNAIRWTGGNTAARSPLYGHGY,,1,harvey2022
38124-1,GFTFYRYAISRGGNTAVYYPRGVSGGRFTRYDY,,1,harvey2022
68271-1,GTIFSGNAISRSGGSTAAYRTHGPPRAIRFDY,,1,harvey2022
57812-1,GRTFGWYAISTRGTRTNAKRRAVTTAHGIPEEDY,,1,harvey2022
15436-1,GFTFRYYTMRSTGSTNAARGWYNPPKYGSIGFDY,,1,harvey2022
20242-1,GRTFVSNAIRDSGGRTATRGVSPSRPGYY,,1,harvey2022
57445-1,GSTFNGNVISKSGGTTAARGRVRYYPQYYY,,1,harvey2022
4614-1,GIIFSSYAISRSGGSTNVRLPYREYRGLDY,,1,harvey2022
19261-1,GRTFAYYAISGSGGTTAARYASGRRGEY,,1,harvey2022
16385-1,GSTFSGYAISSSGGSTNADEYRGTSTEFEY,,1,harvey2022
49536-1,GSTFRTYAIRYNGGSTAAATYYYRVSWLWYYLDDY,,1,harvey2022
26822-1,GSIFALYAISYNGGSTNDVYYDSGVVGYYY,,1,harvey2022
69531-1,GSTFGWYAITSGGSTAARGRWWVVYGFNY,,1,harvey2022
61970-1,GRTFWYNAISSGAITAARSYLSLIDY,,1,harvey2022
39754-1,GFIFSAYAITKRGGTTATRQLSKVKDMDY,,1,harvey2022
42259-1,GRTFQVYAITWRGGNTAAKVRAYIAPYGY,,1,harvey2022
2777-1,GCIFRYYAISWGGGSTNTYTYAWSRSKRGY,,1,harvey2022
52076-1,VSILRFYAISTRGGSTAKRWPQYTDYKPMYY,,1,harvey2022
46741-1,GSTFGGYAISRRGVSTNKKYFYSRHGS,,1,harvey2022
33569-1,GITFDHYAIRGSGTSTAARGRYRQFNY,,1,harvey2022
10875-1,GRIFNSYPISRNGGITNADSSRRLYSSEY,,1,harvey2022
36072-1,GSNFYSYVISRNGQSTAARSRDKYDY,,1,harvey2022
35701-1,GFTFPYYAISWDGGITNVEGWYDYDY,,1,harvey2022
27428-1,GSNFKWYAISKSGGSTNAVYIGSRRRYEYDY,,1,harvey2022
3883-1,GSIFLFYTITLGTTTAVAVGHYTEFWY,,1,harvey2022
53431-1,GRTFYYNAITSAGSTAARYFYRSAWGTFVKNDS,,1,harvey2022
47546-1,GSIFRGNAITWSGGSTNAARKQRVYFAGDY,,1,harvey2022
774-2,GRTFRYYAISSSGDRTAADRGARGDY,,1,harvey2022
59424-1,GSTFSFYPISRSGGSTAAEYAYVPGWYEY,,1,harvey2022
23091-1,GRTFGLYAISWGGGRTNAVYSPRYYVGGYDY,,1,harvey2022
6146-1,GSTFRKYAITSSGAGTAAAQQRWWQWYYY,,1,harvey2022
39582-1,GRIFRGNAISSGTRTAARTSNYPRWRVGGYSYDY,,1,harvey2022
66502-1,GRIFDRYAITSSGGRTAARWYGGYNY,,1,harvey2022
47613-1,GLTIQRNDITSNAGSTARERWWGGSDY,,1,harvey2022
64518-1,GSIFKLNAIYKSAGRTNAVSKLAVNLDY,,1,harvey2022
36582-1,GNTIIRYAISYSGGRTAARYYPSGYRKKMYY,,1,harvey2022
4161-1,GRIFQRNAIRTSGGTSTAAASGKRHGGY,,1,harvey2022
19650-1,GYTFSDYAISQSGGSTNVYPSRRRAVGESERYY,,1,harvey2022
4789-1,GFTFYWYTISSSGSSTAAYSRRQWKYDY,,1,harvey2022
9170-1,GSTFATYAISNSGGRTAAANRYYSEMY,,1,harvey2022
68005-1,GRTIKSNDISRRGGSTAADLTFSYRQSAGRYSTYGY,,1,harvey2022
47232-1,GRTFRYNAINWSGGSTAAEPTGWVWYAGYGYY,,1,harvey2022
30613-1,GSTFPSYAINRSGGSTATGLTTGGGYY,,1,harvey2022
65995-1,GNIFEADIITDGGSTAAYGNARLKEHYY,,1,harvey2022
53643-1,GTTLSSYAINSSGGRTAATRGRYREYEDY,,1,harvey2022
60984-1,GRTFSSYVISRRGGSTNADLRGYGRGTDQYTFDY,,1,harvey2022
41916-1,GIILYYYSINWSGGSTAARLASWHYQVWNDKYEY,,1,harvey2022
38988-1,GSIFWSYAITRSGGSTNARRTTRWGSSKYEYDY,,1,harvey2022
34439-1,GIIFRGYVISTSGGRTAARPLYSYSQWGYGY,,1,harvey2022
986-2,GRIFYDYTINSGGGSTNADGQWNIWEYDY,,1,harvey2022
35200-1,GRISNYYAITRSGGSTATDWTVRYDY,,1,harvey2022
57501-1,GRTFYRYAISRSGGSTAAGYDGYKQGGGGY,,1,harvey2022
43440-1,GSIFRGYAISSGGGGTATGSGKQRYDY,,1,harvey2022
42340-1,GRIFRKYTISYRGTSTSAFDFSSGYYGRLARQYY,,1,harvey2022
62586-1,GRIFPYKAISKSGVRTARGGYPGSAEYDY,,1,harvey2022
14778-1,GSTFRRYAISRTGRTAAKSSTKQRKYY,,1,harvey2022
3001-1,GRTFRWNAISWRGGSTAATSPYYRTGYDY,,1,harvey2022
49268-1,GLTFTYYAISWSGGSTAAATAYYRYRGGYDY,,1,harvey2022
7755-1,GLIFFNYYAIRYGGGSTAARFKGYYRYGY,,1,harvey2022
70254-1,GIIFGTYAISWSGASTAARPAGYGHYKFYY,,1,harvey2022
46025-1,GRIFQWNAISSRGGSTAARYYAKYRSYDY,,1,harvey2022
47748-1,GGTFYAYAISRSGSTAARRARRDPVGYVYAKYGY,,1,harvey2022
67672-1,GRTFATYTITTSGGTANVSYYTSAPWYYY,,1,harvey2022
25055-1,GFTFRRYVISQSGGSTAATGAFWYPYDY,,1,harvey2022
12108-1,GRTFFFYAITWSGGTRTADTYSSYWFNRYGGKYYY,,1,harvey2022
53951-1,GSTFASNVISRSGGNTAKYPFTRISYDY,,1,harvey2022
42855-1,GSTLVPNDIDTGGITAAVASLYAGSDY,,1,harvey2022
42031-1,GSTFGYNAIRSSGSTAARRYFYLFGYYY,,1,harvey2022
31395-1,GSTFLRYVISRRGGSTARTVGYRTLLESDS,,1,harvey2022
1231-2,GRTFYFYAITSRVGRTAAEGVYRMGY,,1,harvey2022
23416-1,GRTFSPYAIRVRGGSTNAQYLVYNGYPYLYDY,,1,harvey2022
49815-1,GRIFRRYAITYGVDSTNADRTEDLLYRFVGVTYGY,,1,harvey2022
29109-1,GFTFRINAITGSGTSTAKRGFISQKYYY,,1,harvey2022
42168-1,GRTLRWYAINWSGTSTAKRVTWNYD,,1,harvey2022
12959-1,GFIFLSYAITSNGGSTAARFSQGKVRMGY,,1,harvey2022
12591-1,GRTFRFYTIRQRGGTTAADVYYPFYSPGFDY,,1,harvey2022
9425-1,GRTFWMYAITWRGGSTAAEFWVSRSIWVYYY,,1,harvey2022
34404-1,GSTSAYYVIDFSGDSTAAELFFYSSLVTYEY,,1,harvey2022
28298-1,GRIFSSYAISYSGGSTNARYYGYGAGYRPYDY,,1,harvey2022
13130-1,GLIFPYNAIDTRGSSTNARTGRSPTGFRY,,1,harvey2022
25341-1,GFIFSRYDITSGGSTNAYVRSDYDY,,1,harvey2022
66054-1,GFTFFANAISISDATTAAEPEYIAGPLDY,,1,harvey2022
52980-1,GFIFANYAISTSGSSTRTSGKHRLYISSYRFEY,,1,harvey2022
36740-1,GRIYYYSTSSGVSTAAERVYIFWFTHEIFKY,,1,harvey2022
27784-1,GSTIFYNAISWSGGRTNTVVSKYYKVGFGS,,1,harvey2022
31063-1,GSTFRYYTISWSGGSTNAVLFYFQTRDY,,1,harvey2022
20221-1,GSIFRYNTIRIGGSTAVRPYRSAGGSVTRGAYYY,,1,harvey2022
2190-1,GSTFARNAISWNGGRTAAKYVKDYWSDFDY,,1,harvey2022
65132-1,GRTLRRYAISRNGGSTNADDKAQSDY,,1,harvey2022
57925-1,GRIIGNNAISSRGGSTKAYTTLAYDLDY,,1,harvey2022
33085-1,GNTFNYNAITSSGGSTAADLWQDSYSYWFDY,,1,harvey2022
4879-1,GSTLDPYFISRNGGSTARYAGFRYTQGDY,,1,harvey2022
56199-1,GRTLYYYAISWSGGRTAAQYISRGYTVDY,,1,harvey2022
2296-1,GLTFLYYAISSRGGSTNAVRGDEY,,1,harvey2022
17617-1,GRIFKRNAISGSGGSTAAVPGYPRDSLYNY,,1,harvey2022
697-2,GRIFVKNAISSSSGSTATVRWYYSRPRPTTAYGY,,1,harvey2022
60672-1,GFIFRVNAISRRGGSTAVKGASYPAYRGYDY,,1,harvey2022
36824-1,GIIFRRYAITGSGGSTAAKGYPSRYSYGWYNY,,1,harvey2022
46386-1,GSIFQAYVIDRRGGITATALIVLGPSRYEY,,1,harvey2022
30224-1,GFTFSQYAISRSGGSTAAQPGRRAGRSGFDY,,1,harvey2022
37255-1,GFTFRLYATTSGGSTNKLYRTSVEYDY,,1,harvey2022
27562-1,GSIFTYNAISYSGVRTNTRYPYSVLKYGY,,1,harvey2022
8749-1,GRTFAIYAINSGGSTAARPQHFDLDLAYSGFDY,,1,harvey2022
19708-1,GSIFFRNVISGSGGRTYADYWSRRDDHDY,,1,harvey2022
44202-1,GFTFDYYFISLRSGRTAAESRGVGAYYY,,1,harvey2022
30963-1,GGTFYSYAISRRGGSTAAKGPSYGVTRMYY,,1,harvey2022
37775-1,GRTFGAYAISRSGGTTAAQYVRYGHYY,,1,harvey2022
67684-1,GSIFSSYAISRRGGSTNADSAARKGWPIYGY,,1,harvey2022
67510-1,GRTFYTNAISLRDVNTAARSRRRFD,,1,harvey2022
34983-1,GFIFSYYAITSNGGSTNVKYRYWNQGYGS,,1,harvey2022
70431-1,GRIFQRNPISSRGGTTAALYLYYGGRPGYDS,,1,harvey2022
21999-1,GRIFNYNAITYIGTGTAASYRSRVWWRFDY,,1,harvey2022
5147-1,GFIFRQYAITWSGTRTNAGYPKYGYDY,,1,harvey2022
5789-1,GFIFYSNPITSTGSTAARRYYGVYYAFYY,,1,harvey2022
67098-1,GSIFYTNAISRRGGSTATDGYTPYRWLWWLMDY,,1,harvey2022
50281-1,GLIFRKYAISVSGGSTAATDFGRRGGSFYY,,1,harvey2022
12268-1,GSILYYYAITRRGGSTAARSRYGELYY,,1,harvey2022
22668-1,GFTFTVYAITYNGGSTAAEVFLRSLGYWYDF,,1,harvey2022
39376-1,GFTFGYYAISWNGGRTAADYRFYSPTQYTYDY,,1,harvey2022
39798-1,GSTFYYYTISSSGGSTNAARKGYRVYTLIDRHKYDY,,1,harvey2022
71205-1,GRIFGYNVISRGGSTAARKGRSKQGYYY,,1,harvey2022
447-2,GRIFYYYAISWSGVNTAAGFAYKYSKGFWSDY,,1,harvey2022
64246-1,GRNLPSYAISGSGGRTAARQDDYGKINYY,,1,harvey2022
16108-1,GFIFTYVITNGGSTAARDRFRYDAYYY,,1,harvey2022
47417-1,GRTFSEYAITRSGGGTATQSFSPYDYTDEY,,1,harvey2022
11276-1,GSIFAGNAISRRGGSTNALLRYAYHAAYGY,,1,harvey2022
32517-1,GFSFKSYAISRRCGSTNADPYNSPYQVSGPYKEDYDY,,1,harvey2022
66149-1,GIIFPTYAIRWTGGSTAAAYRGRYKYYY,,1,harvey2022
56905-1,GRISIKNAIRWSADSTAATGRLRYY,,1,harvey2022
1386-2,GRIFKYYVISSGSGTAARWTPRVRGYNY,,1,harvey2022
25404-1,GSTLVTNAITFSGGTTGAEIWLEYVGYDY,,1,harvey2022
5091-1,GYIFAYYGISWSGGSTAARRTYSAPGYYY,,1,harvey2022
55025-1,GFTFNGYGISRSSGGTAATGYRTATPSWRYYY,,1,harvey2022
58233-1,GRTFYSYAITSSGGSTAAGKPYSSYWSWGYWTNLEDDY,,1,harvey2022
13002-1,GFTFYYYAISRSGGSTNKGSRWLRGLDS,,1,harvey2022
45430-1,GITFRGYAINSGGSTAADDYPYGNYY,,1,harvey2022
52408-1,GFTLSSYVITSSGGSTNAVWWYKLYFDDDY,,1,harvey2022
55044-1,GFTFYGYAITSGGITNVKRRVSGYYGYKYYY,,1,harvey2022
60050-1,GRTFVYNAITKSGGSTAARRYTGNKGWYYY,,1,harvey2022
22261-1,ARIFRYYTISVSGGSTAAPFVWSSYRGYDY,,1,harvey2022
7666-1,GSTLRNNAIRTRGGSTAAQYYGKGWQLDY,,1,harvey2022
71402-1,GRTFYLYAITSGGSTAADSRSPYRYDY,,1,harvey2022
41227-1,GRIFLKYTISRGGSTAATSYRRTGYNY,,1,harvey2022
70901-1,GSSFTGYAITGSGGSTAAGRVRYGHRYYY,,1,harvey2022
