id,heavy_seq,light_seq,label,source,smp,ova
abituzumab,GYTFSSFWINPRSGYTASFLGRGAMDY,,0,jain2017,0.125938041,0.044483421
atezolizumab,GFTFSDSWISPYGGSTARRHWPGGFDY,,0,jain2017,0.000958292,-0.001760106
brentuximab,GYTFTDYYIYPGSGNTANYGNYWFAY,,0,jain2017,1.154098867,0.007780507
brodalumab,GYTFTRYGISTYSGNTARRQLYFDY,,1,jain2017,1.6312774,0.968661954
carlumab,GGTFSSYGIIPIFGTAARYDGIYGELDF,,0,jain2017,1.272852547,0.001902597
crenezumab,GFTFSSYGINSNGGSTASGDY,,0,jain2017,0.007306206,0.00250954
duligotuzumab,GFTLSGDWISAAGGYTARESRVSFEAAMDY,,0,jain2017,0.774677157,0.001107738
elotuzumab,GFDFSRYWINPDSSTIARPDGNYWYFDV,,0,jain2017,0.0,0.0
emibetuzumab,GYTFTDYYVNPNRRGTARANWLDY,,1,jain2017,1.0,1.0
ficlatuzumab,GYTFTTYWINPTNGHTARNYVGSIFDY,,0,jain2017,0.013855015,0.020899393
ganitumab,GGSISSSNWIYHSGSTARWTGRTDAFDI,,1,jain2017,1.686512271,0.823554122
golimumab,GFIFSSYAMSYDGSNKARDRGIAAGGNYYYYGMDV,,1,jain2017,0.007551478,0.066685112
ibalizumab,GYTFTSYVINPYNDGTAREKDNYATGAWFAY,,0,jain2017,0.001169487,0.007666172
ixekizumab,GYSFTDYHINPMYGTTARYDYFTGTGVY,,0,jain2017,1.71935974,1.04213145
lenzilumab,GYSFTNYYINAGNGNTVRRQRFPYYFDY,,1,jain2017,1.225181551,0.952324739
matuzumab,GYTFTSHWFNPSNGRTASRDYDYDGRYFDY,,0,jain2017,0.129605224,-0.00136211
mepolizumab,GFSLTSYSIWASGGTARDPPSSLLRLDY,,0,jain2017,0.001333002,0.00307732
natalizumab,GFNIKDTYIDPANGYTAREGYYGNYGVYAMDY,,1,jain2017,1.102562951,0.000803062
olaratumab,GGSINSSSYYFFYTGSTARQSTYYYGSGNYYGWFDR,,1,jain2017,0.90617444,0.484068557
otlertuzumab,GYSFTGYNIDPYYGGTARSVGPFDS,,1,jain2017,0.018206059,-0.001487104
panitumumab,GGSVSSGDYYIYYSGNTVRDRVTGAFDI,,0,jain2017,0.033966375,0.003907939
patritumab,GGSFSGYYINHSGSTARDKWTWYFDL,,1,jain2017,1.039579326,0.167826416
pinatuzumab,GYEFSRSWIYPGDGDTARDGSSWDWYFDV,,0,jain2017,0.003540827,-0.000995498
radretumab,GFTFSSFSISGSSGTTAKPFPYFDY,,0,jain2017,0.000279962,-0.001319525
rituximab,GYTFTSYNIYPGNGDTARSTYYGGDWYFNV,,1,jain2017,1.191452339,0.968716275
romosozumab,GYTFTDYNINPNSGGAARLGYDDIYDDWYFDV,,0,jain2017,0.036418774,0.001701228
simtuzumab,GYAFTYYLINPGSGGTARNWMNFDY,,0,jain2017,0.521666455,0.810577311
trastuzumab,GFNIKDTYIYPTNGYTSRWGGDGFYAMDY,,0,jain2017,-0.001057262,0.003706197
tremelimumab,GFTFSSYGIWYDGSNKARDPRGATLYYYYYGMDV,,1,jain2017,0.107641493,0.011349369
veltuzumab,GYTFTSYNIYPGMGDTARSTYYGGDWYFDV,,0,jain2017,0.001281257,0.002700147
visilizumab,GYTFISYTINPRSGYTARSAYYDYDGFAY,,1,jain2017,1.446973462,0.911776951
bococizumab,GYTFTSYYISPFGGRTARERPLYASDL,,1,jain2017,1.960070104,1.04
CNTO607,GFTFNSYWIAYDSSNTARGLGAFHWDMQPDY,,0,jain2017,1.0,0.0
lebrikizumab,GFSLSAYSIWGDGKIAGDGYYPYAMDN,,0,jain2017,0.058847,0.0
gantenerumab,GFTFSSYAINASGTRTARGKGNTHKPYGYVRYFDV,,1,jain2017,0.49476139,0.478748474
aducanumab,GFAFSSYGIWFDGTKKARDRGIGARRGPYYMDV,,1,jain2017,0.928757996,0.599712885
tilavonemab,GFTFSNYWIRLKSDNYATTNWEDY,,0,jain2017,1.01724534,0.588175273
cinpanemab,GFDFEKAWIKSTADGGTTTSAH,,0,jain2017,0.531681995,-0.000230945
gosuranemab,GFSFSKYGISSSGSRTSISWDGAMDY,,0,jain2017,0.014602166,0.002143588
zagotenemab,GYTFSNYWILPGSDSIARRGNYVDD,,1,jain2017,1.35296494,1.273822111
bepranemab,GFSLTSNDIWTDGSTARHRLYYGAFDY,,0,jain2017,0.646689397,0.001826496
semorinemab,GLIFRSYGINSGGTYTANSYSGAMDY,,0,jain2017,0.002504956,0.003260944
abrilumab,GYTLSDLSFDPQDGETATGSSSSWFDP,,0,jain2017,0.001496686,5.95e-05
certolizumab,GYVFTDYGINTYIGEPARGYRSYAMDY,,0,jain2017,0.002280664,0.000237925
dacetuzumab,GYSFTGYYVIPNAGGTAREGIYW,,1,jain2017,0.019670729,0.000713776
eculizumab,GYIFSNYWILPGSGSTARYFFGSSPNWYFDV,,0,jain2017,0.000356354,0.000297407
ipilimumab,GFTFSSYTISYDGNNKARTGWLGPFDY,,1,jain2017,0.089587342,0.072864621
urelumab,GGSFSGYYINHGGYVARDYGPGNYDWYFDL,,1,jain2017,0.033140902,-5.95e-05
omalizuma,GYSITSGYSITYDGSTARGSHYFGHWHFAV,,0,jain2017,-0.000213812,0.0
tovetumab,GFTFSDYYISSSGSIIAREGRIAARGMDV,,1,jain2017,0.027154159,0.033785391
robatumumab,GFTFSSFAIDTRGATARLGNFYYGMDV,,1,jain2017,0.030788967,0.077504164
pertuzumab,GFTFTDYTVNPNSGGSARNLGPSFYFDY,,0,jain2017,0.000712708,0.000654295
denosumab,GFTFSSYAITGSGGSTAKDPGTTVIMSWFDP,,0,jain2017,0.000718924,0.000248156
evolocumab,GYTLTSYGVSFYNGNTARGYGMDV,,0,jain2017,0.063028677,0.013900665
gevokizumab,GFSLSTSGMGIWWDGDEARNRYDPPWFVD,,1,jain2017,0.456834264,0.002878698
anifrolumab,GYIFTNYWIYPGDSDIARHDIEGFDY,,1,jain2017,0.375533444,0.000595696
tocilizumab,GYSITSDHAISYSGITARSLARTTAMDY,,1,jain2017,0.524022346,0.277992853
bemarituzumab,GYIFTTYNIYPDNGDTARGDFAY,,0,jain2017,0.135928036,0.000802357
tarextumab,GFTFSSSGIASSGSNTARSIFYTT,,0,jain2017,0.581130779,0.256632099
cabiralizumab,GYTFTDNYINPYNGGTARESPYFSNLYVMDY,,0,jain2017,0.014173208,-4.14e-05
racotumomab,GYTFTSYDIFPGDGSTAREDYYDNSYYFDY,,0,jain2017,0.873241057,0.00186539
crizanlizumab,GYTFTSYDIYPGDGSIARRGEYGNYEGAMDY,,0,jain2017,0.617349891,0.000150662
lendalizumab,GYTFTDYSIHLNTGYTARGFYDGYSPMDY,,0,jain2017,0.227478345,0.000482311
lucatumumab,GFTFSSYGISYEESNRARDGGIAAPGPDY,,0,jain2017,0.003712426,0.001751644
vonlerolizumab,GYTFTDSYMYPDNGDSVLAPRWYFSV,,0,jain2017,0.873818791,0.064731322
samalizumab,GYSFTDYIIDPYYGSSGRSKRDYFDY,,1,jain2017,0.007996127,0.001098325
andecaliximab,GFSLLSYGIWTGGTTARYYYGMDY,,0,jain2017,0.341530916,0.072209985
icrucumab,GFAFSSYGIWYDGSNKARDHYGSGVHHYFYYGLDV,,0,jain2017,0.049476362,0.012082385
conatumumab,GGSISSGDYFIHNSGTTARDRGGDYYYGMDV,,1,jain2017,0.037531554,0.000674908
pateclizumab,GYTFTSYVNNPYNAGTSRPTMLPWFAY,,1,jain2017,0.04804094,0.019455647
bezlotoxumab,GYSFTSYWFYPGDSSTARRRNWGNAFDI,,1,jain2017,0.913645783,0.677053355
namilumab,GYPFTDYLLNPYSGDTTRTTLISVYFDY,,1,jain2017,0.106575983,0.064660255
ublituximab,GYTFTSYNIYPGNGDTARYDYNYAMDY,,1,jain2017,0.613153591,0.508256463
trevogrumab,GFTFSAYAISGSGGSAAKDGAWKMSGLDV,,0,jain2017,0.007581274,-0.000541991
cemiplimab,GFTFSNFGISGGGRDTVKWGNIYFDY,,0,jain2017,0.026789054,0.005998933
brazikumab,GFTFSSYGIWYDGSNEARDRGYTSSWYPDAFDI,,0,jain2017,0.482195189,0.000187493
monalizumab,GYTFTSYWIDPYDSETARGGYDFDVGTLYWFFDV,,0,jain2017,0.028142727,-0.000180909
teplizumab,GYTFTRYTINPSRGYTARYYDDHYCLDY,,1,jain2017,0.916149408,0.581482173
siltuximab,GFTFSSFAISSGGSYTARGLWGYYALDY,,0,jain2017,0.718049145,0.001866716
adalimumab,GFTFDDYAITWNSGHIAKVSYLSTASSLDY,,0,jain2017,0.341530916,6.5e-05
