id,heavy_seq,light_seq,label,source,smp
fn1,QVQLVQSGAEVKKPGSSVKVSCKASGGTFNTQAFSWVRQAPGQGLEWMGMIMPILGTVNYAPKFQGRVTITADKSTDTVHMELSSLTSEDTAIYYCARGLFPDIMTGNPLDSWGQGTLVTVSS,,0,shehata2019,0.24
fn10,QVQLVQSGAEVKKPGSSVKVSCKSSGGTFSTNTISWVRQAPGKGLEWMGGFIPMYGSANYAQKFQGRVTITADESTSTSYLDLNGLTSEDTAMYYCARDVLPPVVQPHNWFDPWGQGTLVTVSS,,0,shehata2019,-0.0013
fn11,QVQLVQSGAELKKPGSSVKVSCKASGGPFNTYSVSWVRQAPGQGLEWMGRIIPVPGVANFAPKFRDRVTITADTSTGTAYMELSTLTSADTAVYFCARDQQQVGGGFDYWGQGTLVTVSS,,0,shehata2019,0.13
fn12,QVQLQESGPGLVKPSETLSLTCTVSGDSIRSGSDYWTWIRQPPGKGLEWIGNIYYTGSTNYNPSLKSRITMSIDTSKNQFSLKLSSVTAADTAVYYCARGRPGDYDFWSGCSWFDPWGQGTLVTVSS,,0,shehata2019,0.091
fn13,QVQLQQSGPGLVEPSQTLSLTCSISGDTVSSNSAAWNWIRQSPSRGLEWLGRTYYRSDWSHDYAVSLKGRMTINPDTSKNQFSLHLSSVTPEDTAVYYCARGNSIFRAFDSWGQGTLVTVSS,,0,shehata2019,0.014
fn15,QVQLVQSGAEVKKPGSSVKVSCKASGGIFSSNSISWARQAPGQGLEWMGRVTPILGAADYAQKFQGRVTITADKSTSTAYMELNSLRSEDTAVYYCARDDIVTTLSAVDIWGQGTMVTVSS,,0,shehata2019,0.071
fn17,QVQLVQSGAEVKKPGSSVKVSCKASGGTFSTYSISWVRQAPGQGLEWMGRIIPILGKANYAQKFQGRVTISADKSTSTAYVELSSLRSEDTAVYYCATCRSTTCFADDAFDIWGQGTMVTVSS,,0,shehata2019,0.022
fn18,QVQLQQSGPGLVKPSQTLSLTCAISGDSVSSNSAAWHWIRQSPSRGLEWLGRTYYRSEWYNDYAVPVKSRITIKPDTSKNQFSLQLDSVTPEDTAVYYCVRQNNFGSAYNGMDVWGQGTTVTVSS,,0,shehata2019,0.0051
fn19,EVQLVESGGDLVQPGRSLRLSCAASGFTFDDYAMHWVRQIPGKGLEWVSGISWNSGNIAYADSVKGRFTVSRDNAKNSLYLQMNSLRPEDTAVYFCAREMYSEEYYSSVGAFDIWGQGTMVTVSS,,0,shehata2019,-0.023
fn2,QVRLQESGPGLVKPSETLSLTCSVSGDTSSSYFWNWIRQPPGKGLEWIGSINYSGSTSNNPSLKGRVTMSVDTSKNHISLKVSSVTAADTAVYYCATSRGTDSGSYPFDSWGQGTLVTVSS,,1,shehata2019,0.052
fn20,QVQLVQSGAEVKKPGASVKVSCKVSGYTLTELSMHWVRQAPGKGLEWMGGFDPEEDEPIYAQKFQGRVTMAEDTSTDTVYMEIRSLKSEDTAVYYCTTAVGDAFDIWGQGTMVTVSS,,0,shehata2019,-0.022
fn21,QVQLVQSGAEVKKPGASVKVSCKVSGNTLTALSIRWVRQAPGKGLEWMGGSDPEEGGTFYAQKFQGRVAMTEDTSTDTAYMELRNLGDGDTAVYFCATDQGITYYYNYGMDVWGQGTTVTVSS,,0,shehata2019,0.15
fn22,QVQLQQWGAGLLKPSETLSLTCAVYGGSFSGYSWSWIRQPPGKGPEWIGEITHSGSTNYNPSLKSRVAISVDTSKNLFSLTLSSVTATDSAVYFCARGAAVAGFFDNWGQGTLVTVSS,,0,shehata2019,0.033
fn23,QITLKESGPALVKPTQTLTLTCTFSGFSLSTSEMSVSWIRQPPGKALEWLALIDYDDDKYYSTSLKTRLAISRDTSKNQVVLSMTNMDPVDTATYYCARILVDDHDAFDIWGQGTMVTVSS,,0,shehata2019,-0.0061
fn24,QVQLVQSEAEVKKPGSSVKVSCKASGGTFSSYAINWVRQAPGQGLEWMGGIIPMFGTPKYAQKFQGRVTITADESTSTAYMEMSSLRSEDTAEYYCAGLSSDDTAYASWGQGTMVTVSS,,0,shehata2019,0.019
fn25,QVQLVQSGAEVKKPGASVKVSCKASGYNFPSYGISWVRQVPGQRPEWVGWINVGDGNTRYLQRFQGRVTITTDTSARIAYMELSSLTSEDTALYYCARGYSGNSYLDALAIWGQGTMVTVSS,,0,shehata2019,-0.0063
fn26,QVQLVQSGAEVKKPGSSVKVSCKASGGTFSSYAISWVRQAPGQGLEWMGGIIPIFGTANYAQKFQGRVTITADESTSTAYMELSSLRSEDTAVYYCASAVVPPIHLGENPRHFDYWGQGTLVTVSS,,0,shehata2019,-0.014
fn27,QVQLQQSGPGLVKPSQTLSLTCVISGDSVSSNSAAWSWIRQSPSRGLEWLGRTYYRSKWYNDYAESVRSRIIINPDTSKNQISLQLNSVTPEDTAVYYCAREGEGGQAYFQHWGQGTLVTVSS,,0,shehata2019,-0.022
fn28,QVQLVQSGAEVKKPGASVKVSCKVSGYSLTELSMHWVRQAPGKGLEWMGGYDPEAGKTIYAQKFQNRVTMTEDTYTDTAYMELNSLRSEDTAVYYCASVSSDWYNFDYWGQGTLVTVSS,,0,shehata2019,-0.032
fn33,QVTLKESGPTLVRPTQTLTLTCTFSGFSLTTSGVGVGWIRQPPGKALEWLALIDWDDDKYYNTSLKTRLTISKDTSKNQVVLTMTNMDPVDTATYYCARTPGWRPDAFDLWGQGTMVTVSS,,0,shehata2019,0.0048
fn34,QVQLQQSGPGLVKPSQTLSLTCVISGDSVSSNSAAWSWIRQSPSRGLEWLGRTYYRSKWYNDYAESVRSRIIINPDTSKNQISLQLNSVTPEDTAVYYCARALHSARGAFDVWGQGTMVTVSS,,1,shehata2019,0.017
fn38,QVQLQQSGPGLVTPSQTLSLTCAISGDSVSSNTAAWNWIRQSPSRGLEWLGRTYYRSKWYNDYAVSMKSRITINPDTSKNQFSLQLNSVTPEDTAVYYCARSGYYKEWFDYWGQGTLVTVSS,,1,shehata2019,0.28
fn39,QVQLQQSGPGLVEPSQTLSLTCDISGDSVSSNTVAWNWIRQSPSRGLEWLGRTYYTSKWYNDYAVSVKSRITINPDTSKNQVSLQLNSVTPEDTAVYYCAREEENRFQYWGQGTLVTVSS,,0,shehata2019,-0.0093
fn4,QVQLQQSGPGLVKPSQTLSLTCAISGDDVSSNRAAWNWIRQSPSRGLEWLGRTYYRSKWYNDYAVSVKSRITINPDTSKNLFSLQLNSVTPEDTAVYYCARDFEGMDVWGQGTTVTVSS,,0,shehata2019,0.0
fn40,QVQLVQSGAEVKKPGASVKVSCKVSGYTLSELAVHWVRKGPGKGLEWMGGFDPEHGETVYAQKFQGRVTMTEDTSTETAYMELSSLRSDDTAVYYCATQSSGYFPILSAFDIWGQGTMVTVSS,,0,shehata2019,0.02
fn41,QVQLQQSGPGLVKPSQTLSLTCAISGDSVSNNNAAWNWIRQSPSGGLEWLGRTYYRSKWYNDYAISVQSRITINPDTSKNQFSLQLNSVTPEDTAVYYCVRTVALGRGMDVWGQGTTVTVSS,,0,shehata2019,0.0011
fn44,QVQLVQSGAEVKKPGASVKVSCKVSGFTLTEISMHWVRQAPGKGLEWMGSFDAEDGETFYAQNFQGRVTMSEDTSTDTAYMELSSLTSEDTAVYYCAIPYGSGSYKSVDYYYDMDVWGQGTTVTVSS,,0,shehata2019,0.087
fn46,QVQLVQSGAEVKKPGSSVKVSCQASGGTFSNHAISWVRQAPGQGLEWMGLIIPILDVPNYAQNFQGRVTFTADTSTSTAYMELSSLRSEDTALYYCASRGALRWDAFNLWGQGTMVTVSS,,0,shehata2019,0.037
fn49,QITLKESGPVLVKPTETLTLTCTVSGFSLSDAKMGVGWIRQPPGKALEWLALIYWDDDKYYSPSLKSRLTITKDTSKNQVVLTMTNMDPVDTATYYCAHTHLKRLLGMGDYGLDVWGQGTTVTVSS,,0,shehata2019,0.17
fn5,QVQLVQSGAEVRKPGSSVKVSCKSSGDTFSRFAVSWLRQAPGQGLEYMGGVIPMFGTPKYAQRFQGRVTITADEATTTAYMELSSLRSDDTAVYYCARDPSGNQYPLFDHWGQGTLVTVSS,,0,shehata2019,0.029
fn50,QVQLVQSGAEVKKPGASVKVSCKVSGYTLTELSMHWVRQAPGKGLEWMGGFDPEDGAILYAQKLQGRVTMTEDTSTDTAYMQLSSLRSEDTAVYYCASSRLLDSLGFGAFDLWGQGTMVTVSS,,0,shehata2019,0.0048
fn51,QVQLVQSGAEVKKPGSSVKISCKGSGGTFNSYGISWVRQAPGQGLEWMGTIKPIFGTSDYAQKFQDRVSITADASTSTAYMELSSLRSEDTAVYYCARDFGTGNMLATIPGLDAFDIWGQGTMVTVSS,,0,shehata2019,0.023
fn52,QVQLQQSGPGLLKPSETLSLTCVISGDSVSSNSAAWSWIRQSPSRGLEWLGRTYYRSKWYNDYAESVRSRIIINPDTSKNQISLQLNSVTPEDTAVYYCAREGEGGQAYFQHWGQGTLVTVSS,,1,shehata2019,-0.0042
fn54,QVQLVESEAEVKKPGSSVKVSCKASGGTFSSYVVSWVRQAPGQGLEWMGGIIPVFGEATYAQMFQGRVTITADEFMSTAYMELNSLRSEDTAVYYCVRGGRNFWSDHSTPLPDYWGQGTLVTVSS,,0,shehata2019,0.13
fn55,QVQLVESEGGVVQPGRSLRLSCAASGFTFSSYAMHWVRQAPGKGLEWVAVISGEGGTKYYADSVKGRLTISRDNSKNTLYLQMNSLRAEDTAVYFCARCVGSCSLPAGGAMDIWGQGTTVTVSS,,0,shehata2019,0.015
fn57,QIQLQQSGPGLVKPSQTLSLTCVISGDSVSSNSAAWSWIRQSPSRGLEWLGRTYYRSKWYNDYAESVRSRIIINPDTSKNQISLQLNSVTPEDTAVYYCAREGEGGQAYFQHWGQGTLVTVSS,,0,shehata2019,-0.031
fn58,QVQLQQSGPGLVKPSQTLSLTCDISGDSVSSNSAAWNWIRQSPSRGLEWLGRTYYRSKWYQHYALSVKSRITINPDTSKNQFSLQLNSVTPEDTAVYYCAREPISQDSNGWYYYYGMDVWGQGTTVTVSS,,1,shehata2019,-0.0017
fn59,QITLKESGPALVKPTQTLTLTCTFSGFSLSTSEMSVSWIRQPPGKALEWLALIDYDDDKYYSTSLKTRLAISRDTSKNQVVLSMTNMDPVDTATYYCARILVDDHDAFDIWGQGTMVTVSS,,0,shehata2019,0.12
fn6,QVQLVQSGAEVKKPGSSVKVSCKTSGGAVSSYAINWVRQAPGQGLEWMGRIIPMLGIANYAQKFQGRVTITADKSTSTAYMEVSSLRSEDTAVYYCARELDYDTLTGSNRGDAFDIWGQGTMVTVSS,,0,shehata2019,0.035
fn60,QVQLVQSEGGVVRPGASVKVSCKASGYTFTDYYIHWLRQAPGQGLEWMGWINPNSGGTSYAQKFQGRVTMTRDTSISTAYMELNSLRSEDTAVYFCVRAESSSWNWFDPWGQGTLVTVSS,,1,shehata2019,0.02
fn7,QVQLVQSGAEVREPGASVKVSCRASGYTFFAFDMHWVRQAPGQGLEWMGRINPNTGVSSSAQRFQGRVTMTSDISTSTAYMDLGNLRPDDTAVYYCASGESDVGVVTPNYAFDIWGQGTMVTVSS,,0,shehata2019,0.073
fn8,QVQLQQSGPGLVKPSQTLSLTCAISGDSVSSNSATWNWFRQSPSRGLEWLGRTYYRSTWYNEYAVSVKSRISMNPDTSKNQFSLQLDSVTPEDTAVYYCARGGSTWYGFDYWGQGTLVTVSS,,1,shehata2019,0.0047
fn9,QVQLVQSGAEVKKPGSSVKVSCKASGGTFSSYAINWVRQAPGQGVEWMGRIIPNVGTVNFAQRFQGRVTMTADKSTSTAYMELSSLRSDDTAVYFCARDMGAPVPGVVGAFDIWGQGTMVTVSS,,0,shehata2019,-0.012
fp1,QVQLQQSGPGLVKPSQTLSLTCAISGDSVSSNRAAWNWIRQSPSRGLEWLGRTYYRSKWYNNYAVSVKSRITINPDTSKNQSSLQLNSVTPEDTALYYCARVPDGGSSPFDYWGQGTLVTVSS,,1,shehata2019,0.89
fp10,QVQLQQSGPGVVKPSQTLSLTCAISGDSVSSVSAAWNWLRQSPSRGLEWLGRTYYRSKWYNDYAVSVKSRITVNPDTSKNQFSLQLNSVTPEDTAMYYCARASGYGRIAFWGQGTPVTVSS,,1,shehata2019,0.73
fp11,QVQLQQWGAGLVKPSQTLSLTCVFSGDSFSSPKIAWNWIRQSPSRGLEWLGRTYYRSKWNYDFAGSVKSRITINPDTSKNQFSLQLNSVTPEDTAVYYCARHRPPSGDRAFDIWGQGTIVTVSS,,1,shehata2019,0.69
fp12,QVQLQQSGPGLVKPSQTLSLTCAISGDSVSSNSAAWNWIRQSPSRGLEWLGRTYYKSKWYNDYAVSVKSRITINPDTSKNQFSLQLNSVTPEDTAVYYCARAWETYWYFDLWGRGTLVTVSS,,1,shehata2019,0.66
fp13,QVQLQQSGPRLMKPSQTLSLTCAISGDSVSSNNGAWTWIRQSPSRGLEWLGRIYYKSSWYYDYTKSLKSRMAINPDTSKNQFTLQLNSVTPEDTAVYFCVRDLDSGWYGESWGQGTLLTVSS,,1,shehata2019,0.79
fp14,QVQLQQSGPGLVKPSQTLSLTCVISGDSVSSNSAAWNWIRQSPSRGLEWLGRTYYRSKWYNDCAVSVKSRLTINPDTSKNQFSLQLNSVTPDDTAVYYCARSTGAGSYGYFHYWGQGTLVTVSS,,1,shehata2019,0.74
fp15,QVQLQQSGPGLVKPPQTLSLTCAISGDSVSSNSAAWNWIRQSPSRGLEWLGRTYYRSKWYNDYAVSVKSRITINPDTSKNQFSLQLNSVTPEDTAVYYCARQQQLGFSGSWSPWYFDIWGRGTLVTVSS,,1,shehata2019,0.63
fp16,QVQLQQSGPGLVRPSQTLSLTCAISGDSVSSNTAAWNWIRQSPSRGLEWLGRTYYRSKWYNDYTVSVKSRIGINPDTSKNQFSLQLNSVTPEDTAVYYCARASGWYSYFDSWGQGTLVTVSS,,1,shehata2019,0.5
fp18,QVQLQESGPGLVKPSETLSLTCSVSGGSISTNYWSWIRKPPGKGLEWIGYIYYSGSTNYNPSLKSRVTISVDTSKNQFSLRLSSVTAADTAVYYCARDRGRARAYYYGMDVWGQGTTVTVSS,,1,shehata2019,0.41
fp19,QVQLQESGPGLVKPSQTLSLTCAISGDSVSRNDGAWNWLRQTPSRGLEWLGRTYYRSKWHNHYPVSVKSRITINPDTSKNQFSLQLNSVTPEDTAVYYCARGVGSYAGWFDPWGQGTLVTVSS,,1,shehata2019,0.97
fp2,QVQLQQSGPGLVKPSQTLSLTCAISGGSVSSNSAAWNWIRQSPSRGLEWLGRTYYRSKWYNDYAVSVKSRISINPDTSKNHFSLQLNSVTPDDTAMYYCARWAPGFDPWGQGTLVTVSS,,1,shehata2019,0.63
fp21,QVQLQQSGPGLVKPSQTLSLTCAISGDSVSSNIGAWNWIRQSPSRGLEWLGRTFYRSKWYNRYAESVRGRVAINPDTSKNQFSLQLNSVSPEDTAIYYCARGGSEGWPFDFWGQGTLVTVSS,,1,shehata2019,0.58
fp22,QVQLVQSGSEVKKPGASVKVSCRPSGFTFIINYIHWVRQAPGQGLERMARVNPRVDETTYAQKFQDRITMTRDTSTNTVYMELSSLRPEDTAVYYCARESHTPMVRASDIWGQGTLVTVSS,,1,shehata2019,0.57
fp23,QVQLQQSGPGLVKPSQTLSLTCAISGDSVSSNSGAWNWIRQSPSRGLEWLGRTYNRARWYYDYAVSVKSRITINPDTSKNQFSLQLNSVTPEDTAMYYCGRARESRYFDLWGRGTLVTVSS,,1,shehata2019,0.79
fp24,QVQLQESGPGLVKPAETLSLTCSVSGGSIRSGSYYWGWIRQPPGKELEWIGTIYFSGSSFDNPSFKSRVTISVDTSTNNFSLNLTSVTAADTALYYCATLFGRVPLALYWGRGTLVTVSS,,0,shehata2019,0.26
fp25,QVQLQQSGPGLVKPSQTLSLTCAISGDSVSSNSGAWNWIRQSPSRGLEWLGRTYYRSKWYNDYAVSVKSRITINPDTSKNQLSLQLNFVTAEDTAVYYCVSGNRRSGSWLSRYYFDYWGQGTLVTVSS,,1,shehata2019,1.2
fp26,QVQLQQSGPGLVKPSQTLSLTRAISGDSVSSNTAAWNWIRQSPSRGLEWLGGTYYRFKWYNDYAVSVKSRITINPDTSKNLFSLQLNSVTAEDTAMYYCAYAVAGAGFFNYWGQGTLVTVSS,,1,shehata2019,1.2
fp28,QVQLQESGPGLVKPSETLSLTCTVSGGSISNYYWNWIRQPPGKGLEWIGYIYYSGNTNYNPSLKSRVTISLDTSKNQFSLKVSSVTAADTAVYYCAKGGAAFWSGYPRPLVWYFDLWGRGTLVTVSS,,1,shehata2019,0.37
fp29,QVQLQQSGPGLVKPSETLSLTCDISGDSVSSNSAAWNWIRQSPSRGLEWLGRTYYRSKWYNTYAVSVKSRLAINPDTSKNQFSLQLNSVTPEDTAVYYCARHLYGGDPLPHWSLDLWGRGTLVTVSS,,1,shehata2019,1.2
fp3,QVQLQQSGPGLVKPSQTLSLTCAISGDSVSSNSAAWNWIRQSPSGGLEWLGWTYYRSKWFNYYAVFVKSRVTINPDTSKNQFSLQLKSVTPEDTAVYYCARRTGTGVDYWGQGTLVTVSS,,1,shehata2019,1.0
fp30,QVQLQQWGAGLLKPSETLSLTCVISGDSVSSNSDVWNWIRQSPSRGLEWLGRTYYRSRWYNDYALSVKSRITINPDTSKNQFSLQLNSVTPEDTALYYCARGGGAMGLWGRGTLVTVSS,,1,shehata2019,0.86
fp31,QVQLQQSGPGLVKPSQTLSLTCVISGDSVSSNSAAWDWIRQSPSRGLEWLGRTYYRSKWYNDYAVSVKSRITINPDTSKNQFSLQLNSVTPEDTAVYFCARQGGRIFQHWGQGTLVTVSS,,1,shehata2019,0.74
fp33,QVQLQQSGPGLVKPSQTLSLTCAISGDSVSRNSAAWNWIRQSPSRGLEWLGRTFYRSKWYDDYALSLKSRLTINPDTSKNQFSLQLNSVTPEDTAVYYCAREADYNSPLHFDLWGRGTLVTVSS,,1,shehata2019,0.74
fp35,EVQLLETGGGLVQPGGSLRLSCAASGFRFSAYRLDWVRQAPGKGLEWVASINGGSRLIYCMDSVRGRFTISRDNAKDSLYLQMNSLRDEDTGVYYCVREVPPADNYDYWGRGTLVTVSS,,1,shehata2019,0.42
fp37,QVQLQQSGPGLVKPSQTLSLTCAISGDSVSSNSAAWNWIRQSPSRGLEWLGWTYYRSKWFNYYAVSVKSRVTINPDTSKNQFSLQLNSVTPEDTAVYYCGRWHHDDHYLDYWGQGTLVTVSS,,1,shehata2019,0.77
fp4,QVQLQQSGPGLVKPSQTLSLTCAISGDSVSSNSAIWNWIRQSPSRGLEWLGRTFYRSKRYSDSAASVRSRISVNPDTSKSQFSLQLNSVTPDDTAVYYCARSQVGGLWYVGDFWGQGTLVTVSS,,1,shehata2019,0.87
fp40,QVQLQQSGPGLVKPSQTLSLTCAISGDSVSSNSAAWNRIRQSPSRGLEWLGRTYYRSKWYNDYAVSVKSRITINPDTFKNQFSLQLNSVTPEDTAVYYCARVKVAGTNHWYFDLWGRGTLVTVSS,,1,shehata2019,0.86
fp41,QVQLQQSGPGLVKPSQTLSLTCAISGDSVSSNSAAWNWIRQSPSRGLEWLGRTYYRSKWYNAYAVSVKSRITINPDTSKNQFSLQLNSVTPEDTAVYYCARSAYFAEYLQPWGQGTLVTVSS,,1,shehata2019,0.71
fp43,QVQLQQSGPGLVKPSQTLSLTCAISGDSVSSNSVAWNWIRQSPSRGLEWLGRTYYNSKWYNDYAISVKSRITINPDTSKNQFSLQLSSVTPEDTAVYFCARQGGRIFQHWGQGTLVTVSS,,1,shehata2019,1.1
fp45,QVQLQQSGPGLVKPSQTLSLTCAISGDSVSSNRAGWLWVRQSPLRGLEWLGRTYYMSKWYFDHAPSVKSRLTLNPDTSKNQVSLQLNSVTPEDTAVYYCVRQNNFGSAYNGMDVWGQGTTVTVSS,,1,shehata2019,0.41
fp47,QVQLQQSGPGLVKPSQTVSLTCAISGDSVSSNSAAWNWFRQSPSRGLEWLGRTYYYFKWYNDVAASVKGRITIQPDTSKNHFSLQLNSVTPDDTAMYYRARRRYSGTSGVFDYWGQGTLVTVSS,,1,shehata2019,1.6
fp49,QVQLQQSGPGLVKPSQTLSLTCAISGDSVSSNSAAWNWIRQSPSRGLEWLGRTYYRSKWYNDYAVSVKSRITFNPDTSKNQFSLQLNSVTPEDTAVYYCARGRFRTFDSWGLGTLVTVSS,,1,shehata2019,0.86
fp5,QVQLVQSGAEVKKPGSSVKVSCKASGGTFSSYAISWVRQAPGQGLEWMGGIIPIFGTANYAQKFQGRVTITADESTSTAYMELSSLRSEDTAVYYCAREKKGRGRPRYFDLWGRGTLVTVSS,,1,shehata2019,0.35
fp51,QVQLQESGPGLVKPSETLSLTCSVSSDSIKSYLWSWIRQPAEKRLEWIGRIDGDGSILYDPSLTSRISMPVDTSKNQFSLKLRSVTAADTAVYYCARVLCINGCRYFDLWGRGTLVTVSS,,1,shehata2019,0.57
fp52,QVQLQQSGPGLVRPSQTLSLTCAISGDSVSSNTATWHWIRKSPSRGLEWLGRTYYRSKWFYDYAVSVKSRIVFSPDTSKNRFSLQLKVVTPEDAALYYCARRTGTGVDYWGQGTLVTVSS,,1,shehata2019,1.0
fp53,QVQLQQSGPGLVRPSQTLSLTCAISGDSVSSNSAAWTWIRQSPSRGLEWLGRTYYKSTWYNDYAGSVKSRITINPDTSKNQFSLQLNSVTPEDTAVYYCARGQLWTNWHFDLWGRGTLVTVSS,,1,shehata2019,0.88
fp54,QVQLQQSGPGLVKPSQTLSLTCAISGDSVSSNSVAWIWIRQSPSRGLEWLGRTYFRSKWYNDYAVSVKGRITINPDTSKNQFSLQLNSVTPEDTAVYYCGRGVSNIQHWGQGTLVTVSS,,1,shehata2019,0.87
fp57,QVQLVQSGAEVKKPGSSVKVSCKASGGTFSNYVINWVRQAPGRGLEWMGRIIPLLGLPHYAQEFQGRVTITADKSTSIAYMELTSLTSEDTAIYFCAKNTLGSGYPFDNWGQGTLVTVSS,,1,shehata2019,1.3
fp58,QVQLQQSGPGLVKPSQTLSLTCAISGDSVSSNIAAWNWIRQSPSRGLEWLGRTFYRSTWYHNYAASVRGRIIIDPDTSKNQFSLQVNSVTPEDTAVYYCARSPGRYFDLWGRGTLVTVSS,,1,shehata2019,0.64
fp59,QVQLVQSGAEVKKPGSSVKVSCQASGDTFSSYGISWVRQAPGQGLEWMGRIIPMLNLAKYAQKLQGRVTITADKSTSTAYMDMSNLRTEDTAVYYCARDSATAVGRWRYFDFWGQGTLVTVSS,,1,shehata2019,0.72
fp6,QVQLQQSGPGLVKPSQTLSLTCAISGDSVSSNSAAWNWIRQSPSRGLEWLGRTYYRSKWYNDYAVSVKSRMTINPDTSKNQFSLQLNSVTPEDTAVYYCARAAYCSGGSCYWYFDLWGRGTLVTVSS,,1,shehata2019,0.89
fp60,QVQLQQSGPGLVKPSQTLSLTCAISGDSVSSDSTAWNWIRQSPSRGLEWLGRTYYRSKWYNDYAVSVKSRITINPDTSKNQFSLQLNSVTPEDTAVYYCARVGCGTYCNNWFESWGQGTLVTVSS,,1,shehata2019,0.72
fp7,QVQLQQSGPGLVKPSQTLSLTCVISGDSVSSISAAWNWIRQSPSRGLEWLGRTYYRSKWYNDYAVSVKSRITINPDTSKNQFSLQLNSVTPEDTAVYYCARADDFWRGYEKDYFDYWGQGTLVTVSS,,1,shehata2019,0.21
fp8,QVQLQQSGPGLVKPSQTLSLTCAVSGDSVSSNSAAWNWIRQSPSRGLEWLGRTYYRSKWYSDYAVSVKSRITINPDTSKNQFSLHLNSVSPEDTALYYCANIAVAGTWWGQGTLVTVSS,,1,shehata2019,0.53
fp9,QVQLQQSGPGLVKPSQTLSLTCAISGDSVPSNSDTWNWIRQSPSRGLEWLGRTYYRSKWYYEYALSVKSRITVNPDTSKNQFSLHLTSVTPEDTSVYFCARGSVNKKALDVWGQGTKVTVSS,,1,shehata2019,0.66
